,created_at,full_text,display_text_range,favorite_count,retweet_count,ano
1249,2018-08-31,['ğŸ‡§ğŸ‡·ğŸ‘ğŸ»ğŸ‘‰ğŸ»ğŸ‘‰ğŸ»'],"[0, 8]",10536,1508,2018
2997,2018-08-31,"['chegada', 'pouco', 'aeroporto', 'porto', 'velho', 'rondÃ´nia', 'obrigado', 'todos', 'consideraÃ§Ã£o']","[0, 92]",12810,2799,2018
3647,2018-08-31,"['obrigado', 'consideraÃ§Ã£o', 'mulherada', 'gaÃºcha', 'ğŸ‘ğŸ»', 'logo', 'caminho', 'rondÃ´nia', '14h', 'pousaremos', 'aeroporto', 'porto', 'velho']","[0, 123]",13495,2843,2018
1815,2018-08-31,"['breve', 'resumo', 'sobre', 'passagem', 'estado', 'rio', 'grande', 'sul', 'seguranÃ§a', 'economia', 'saÃºde', 'mÃ¡quina', 'pÃºblica']","[0, 113]",7414,1455,2018
3137,2018-08-31,"['crime', 'organizado', 'ameaÃ§a', 'defende', 'liberdade', 'cidadÃ£o', 'bem', 'sistema', 'tenta', 'manter', 'pagando', 'absurdos', 'impostos', 'liberdade', 'alguma', 'sobreviver', 'nesta', 'guerra', 'perdendo', 'contextualize', 'tire', 'conclusÃµes']","[0, 241]",7534,2064,2018
4473,2018-09-01,"['republicaÃ§Ã£o', 'incorreÃ§Ãµes', 'tabela', 'anterior', 'fonte']","[0, 80]",2239,610,2018
333,2018-09-01,"['400000', 'youtube', 'inscrevase', 'canal', 'receba', 'vÃ­deos', 'gratuitamente']","[0, 125]",2411,412,2018
2902,2018-09-01,"['comentÃ¡rio', 'isento', 'sobre', 'patrimÃ´nio', 'bolsonaro', 'augustosnunes', 'blogdopim', 'joicehasselmann']","[0, 125]",1196,293,2018
4683,2018-09-01,"['marcofeliciano', 'jornal', 'sujo', 'brasil', 'folha', 'paulo']","[0, 69]",2481,662,2018
5465,2018-09-01,"['2018', 'comeÃ§ou', 'esperÃ¡vamos', 'vamos', 'adiante', 'ğŸ˜‚ğŸ‘ğŸ»', 'boa', 'noite', 'todos', 'bom', 'descanso']","[0, 85]",5006,562,2018
3883,2018-09-01,"['total', 'valores', 'devolvidos', 'jairbolsonaro', 'cota', 'parlamentar', '2010', '2017', 'aguardando', 'divulgaÃ§Ã£o', 'parte', 'folha', 'demais', 'Ã³rgÃ£os', 'imprensa', 'afins']","[0, 167]",8414,3185,2018
3458,2018-09-01,"['folha', 'tabela', 'republicada', 'daqui', 'algumas', 'horas', 'conter', 'divergÃªncias', 'faltando', 'computar', 'despesas', 'meses', 'dezembro', 'gastos', 'devem', 'acrescidos', 'pouco', '112']","[7, 187]",1024,158,2018
5406,2018-09-02,"['semana', 'passada', 'chegamos', 'mesmos', '900000', 'seguidores', 'twitter', 'nesta', 'data', 'ultrapassamos', 'marca', 'instagram', 'grato', 'todos', 'consideraÃ§Ã£o']","[0, 158]",6192,855,2018
25,2018-09-03,"['campinassp', 'pouso', 'alegremg', '08032018ğŸ‡§ğŸ‡·']","[0, 45]",4284,854,2018
869,2018-09-04,"['domingo', '08abril', '12', 'maratona', 'rio', 'obrigado', 'rio', 'janeiro', 'participantes', 'todo', 'brasil']","[0, 97]",5307,681,2018
581,2018-09-04,"['pequeno', 'resumo', 'sobre', 'ideias', 'bolsonaro', 'ğŸ‘ğŸ»']","[0, 84]",3039,614,2018
5355,2018-09-04,"['hamas', 'lÃ¡', 'ptmst', 'cÃ¡', 'mentiras', 'vitimismo', 'arma', 'propaganda', 'poder']","[0, 102]",2286,425,2018
5205,2018-09-05,"['09052018', 'entrevista', 'datenaoficial', 'sobre', 'alguns', 'temas', 'atuais', 'link', 'segue', 'logo', 'correio', 'brasiliense']","[0, 149]",1430,250,2018
2652,2018-09-05,"['dia', '10', 'maio', '2018', 'chegada', 'belo', 'horizonte', 'aeroporto', 'pampulha', '13h55', 'ğŸ‘ğŸ»']","[0, 84]",4351,782,2018
3498,2018-09-06,"['eua', 'jones', 'sathler', 'fala', 'sobre', 'brasil', 'trump']","[0, 74]",1482,306,2018
56,2018-09-06,"['band', 'bolsonaro', 'questionado', 'jornalistas', 'simultaneamente', 'sobre', 'diversos', 'temas', 'envolvendo', 'brasil', 'assista', 'canal', 'youtube']","[0, 164]",2541,528,2018
1784,2018-09-07,"['olhe', 'trÃ¡s', 'hc', 'lula', 'tÃ£o', 'grave', 'quanto', 'corrupÃ§Ã£o', 'aparelhamento', 'instituiÃ§Ãµes', 'brasil', 'esquerda', 'contrÃ¡rio', 'muitos', 'pensam', 'melhor', 'preparada', 'prÃ©', '1964']","[0, 203]",6907,1811,2018
2976,2018-09-07,"['marco', 'antonio', 'villa', 'jair', 'bolsonaro', 'falam', 'sobre', 'hc', 'lula', 'poder', 'judiciÃ¡rio']","[0, 107]",1646,298,2018
5216,2018-09-07,"['trata', 'discurso', 'simplista', 'realista']","[0, 49]",4275,1091,2018
1589,2018-09-08,"['sabia', 'vice', 'marina', 'silva', 'favor', 'aborto', 'legalizaÃ§Ã£o', 'maconha', 'criminalizaÃ§Ã£o', 'homofobia']","[0, 114]",19587,4206,2018
1008,2018-09-08,"['grato', 'interesse', 'embaixadores', 'seguimos', 'firmes', 'ğŸ‘ğŸ»']","[0, 58]",5978,1316,2018
8,2018-09-08,"['legalizaÃ§Ã£o', 'latrocÃ­nio', 'via', 'canalhipocritas']","[0, 49]",6579,2013,2018
3272,2018-09-09,"['continuamos', 'frente', 'disputa', 'contando', 'espontÃ¢nea', 'ajuda', 'sempre', 'parte', 'cada', 'dentro', 'condiÃ§Ãµes', 'possÃ­veis', 'forma', 'alguma', 'pleito', 'daremos', 'gosto', 'desejou', 'desfecho', 'brasil', 'acima', 'tudo', 'deus', 'acima', 'todos']","[0, 271]",49479,9804,2018
5043,2018-09-09,"['difÃ­cil', 'encantar', 'emocionar', 'obrigado', 'homenagem', 'dÃ©bora', 'maciel', 'logo', 'estaremos', '100']","[0, 134]",23048,3664,2018
5490,2018-09-09,"['waynnadias', 'obrigado', 'linda', 'homenagem', 'waynna']","[13, 57]",518,41,2018
4092,2018-09-10,"['obrigado', 'senadora', 'ana', 'amÃ©lia', 'apoio', 'parabenizo', 'coragem', 'posicionar', 'neste', 'momento', 'tÃ£o', 'importante', 'decisivo', 'onde', 'brasileiro', 'escolherÃ¡', 'modelo', 'pt', 'afundou', 'paÃ­s', 'mar', 'corrupÃ§Ã£o', 'violÃªncia', 'ordem', 'progresso', 'liberdade']","[0, 266]",51766,10440,2018
3,2018-09-10,"['trecho', 'entrevista', 'vivo', 'jornal', 'nacional', '08102018']","[0, 65]",56322,13915,2018
5035,2018-09-10,['brasil'],"[0, 17]",23023,5512,2018
6366,2018-09-10,"['amor', 'esquerda', 'significado', 'liberadade', 'expressÃ£o', 'xingueos', 'acuseos', 'faz']","[0, 120]",35103,9570,2018
204,2018-09-10,"['adversÃ¡rio', 'falou', 'vai', 'combater', 'encarceramento', 'soltar', 'criminosos', 'cadeia', 'preocupaÃ§Ã£o', 'prioridade', 'pessoas', 'bem', 'falo', 'desde', 'sempre', 'prefiro', 'cadeia', 'lotada', 'criminosos', 'cemitÃ©rio', 'lotado', 'inocentes', 'faltar', 'espaÃ§o', 'gente', 'constrÃ³i']","[0, 280]",143104,39412,2018
5413,2018-09-10,"['analisando', 'planos', 'governo', 'tire', 'conclusÃµes']","[0, 75]",18253,4986,2018
6715,2018-09-10,"['vamos', 'pegar', 'pesado', 'contra', 'violÃªncia', 'termos', 'brasil', 'seguro', 'livre', 'todas', 'pessoas', 'independente', 'cor', 'sexualidade', 'religiÃ£o', 'queremos', 'devolver', 'populaÃ§Ã£o', 'prazer', 'andar', 'rua', 'medo', 'viver', 'medo', 'inimigo', 'crime', 'cidadÃ£o']","[0, 271]",66784,16741,2018
1988,2018-09-10,"['jair', 'bolsonaro', 'sbt', 'temas', 'semana', 'ğŸ‘ğŸ»']","[0, 67]",12750,2415,2018
4342,2018-09-10,"['ontem', 'propÃ´s', 'combate', 'notÃ­cias', 'falsas', 'hoje', 'espalha', 'mentiras', 'descaradas', 'respeito', 'favor', 'povo', 'faz', 'polÃ­tica', 'verdade', 'trabalha', 'serviÃ§o', 'corrupto', 'preso', 'faz', 'parte', 'quadrilha', 'assaltou', 'brasileiros', 'colocou', 'paÃ­s', 'lama', 'canalha']","[0, 278]",71811,22842,2018
1267,2018-09-11,"['live', 'passada', 'facebook', 'youtube', 'fatos', 'recentes', 'interesse', 'brasil']","[0, 116]",20247,3223,2018
6033,2018-09-11,"['hoje', '911', '1800', 'entrarei', 'vivo', 'facebook', 'conversar', 'pouco', 'todos', 'respeito', 'fatos', 'recentes', 'interesse', 'brasil', 'lÃ¡']","[0, 159]",44558,5701,2018
3002,2018-09-11,"['propostas', 'reforma', 'previdÃªncia', 'divulgadas', 'imprensa', 'sugerindo', '40', 'anos', 'contribuiÃ§Ã£o', 'aposentadoria', 'integral', '22', 'alÃ­quota', 'inss', 'autoria', 'tentam', 'atribuir', 'falsamente']","[0, 211]",67591,13290,2018
4001,2018-09-11,"['apÃ³s', 'eleiÃ§Ãµes', 'grandes', 'empresas', 'anunciaram', 'milhÃµes', 'investimentos', 'brasil', 'prÃ³ximos', 'anos', 'comeÃ§o', 'comÃ©rcio', 'mundo', 'todo', 'viÃ©s', 'ideolÃ³gico', 'reduÃ§Ã£o', 'impostos', 'desburocratizaÃ§Ã£o', 'confianÃ§a', 'investimentos', 'empregos']","[0, 259]",98115,15994,2018
3236,2018-09-12,"['fakenews', 'descarada', 'dia']","[0, 26]",34770,5275,2018
4837,2018-09-12,"['momento', 'propor', 'novos', 'caminhos', 'cÃºpula', 'conservadora', 'amÃ©ricas', 'representa', 'anseio', 'parabÃ©ns', 'iniciativa', 'venham', 'muitos', 'outros', 'jair', 'bolsonaro', 'presidente', 'eleito', 'brasil', 'ğŸ‡§ğŸ‡·']","[0, 204]",21134,2556,2018
3218,2018-09-12,"['comunico', 'indicaÃ§Ã£o', 'sr', 'ricardo', 'aquino', 'salles', 'frente', 'futuro', 'ministÃ©rio', 'meio', 'ambiente']","[0, 111]",39644,4837,2018
6593,2018-09-12,"['eleiÃ§Ãµes', '2018', 'representam', 'resposta', 'estragos', 'projeto', 'poder', 'causou', 'todos', 'lugares', 'especial', 'venezuela', 'paÃ­s', 'deixarÃ¡', 'galinha', 'ovos', 'ouro', 'voltarÃ¡', 'colocar', 'interesses', 'valores', 'brasileiros', 'topo']","[0, 259]",22244,3053,2018
4126,2018-09-12,"['primeira', 'cÃºpula', 'conservadora', 'amÃ©ricas', 'tempo', 'pensamento', 'conservador', 'valores', 'familiares', 'predominam', 'sociedade', 'marginalizados', 'graÃ§as', 'projeto', 'poder', 'revolucionÃ¡rio', 'tocado', 'lideranÃ§as', 'esquerda', 'todo', 'continente']","[0, 262]",35818,5702,2018
1309,2018-09-12,"['poder', 'popular', 'substituÃ­do', 'grupo', 'fechado', 'usurpava', 'demandas', 'sociais', 'assim', 'tomava', 'controle', 'tudo', 'fundado', 'lula', 'fidel', 'castro', '1990', 'conhecido', 'foro', 'paulo']","[0, 195]",11892,2097,2018
4363,2018-09-13,"['preocuparam', 'fizeram', 'oraÃ§Ãµes', 'noite', 'passada', 'obrigado', 'tudo', 'correu', 'bem', 'graÃ§as', 'deus', 'cuidando', 'saÃºde', 'recuperaÃ§Ã£o', 'faxineiros', 'enfermeiros', 'psicÃ³logo', 'fisioterapeuta', 'mÃ©dicos', 'seguimos', 'firmes', 'ğŸ‘ğŸ»']","[0, 252]",51789,7425,2018
4789,2018-09-13,"['muita', 'coisa', 'vem', 'sendo', 'falada', 'tentativa', 'dividir', 'consequentemente', 'enfraquecer', 'caiam', 'nessa', 'desde', 'inÃ­cio', 'sabÃ­amos', 'caminhada', 'fÃ¡cil', 'formamos', 'time', 'sÃ³lido', 'preparado', 'missÃ£o', 'mudar', 'brasil', 'divisÃ£o']","[0, 260]",45554,9594,2018
979,2018-09-13,['ğŸ‡§ğŸ‡·ğŸ‘†ğŸ»ğŸ‘‰ğŸ»ğŸ‘‰ğŸ»'],"[0, 8]",30469,4609,2018
6186,2018-09-14,"['passada', 'nova', 'cirurgia', 'hoje', 'possÃ­vel', 'dar', 'caminhada', 'maiores', 'problemas', 'espero', 'apto', 'fazer', 'flexÃµes', 'breve', 'kkk', 'boa', 'noite', 'todos', 'ğŸ‘ğŸ»ğŸ‡§ğŸ‡·']","[0, 158]",60597,8821,2018
3792,2018-09-14,"['vamos', 'mudar', 'brasil']","[0, 21]",22049,5941,2018
2157,2018-09-14,"['vamos', 'evoluindo', 'cada', 'instante', 'ğŸ‡§ğŸ‡·ğŸ‘ğŸ»']","[0, 37]",21995,4286,2018
5306,2018-09-14,"['israel', 'vimos', 'perto', 'meio', 'deserto', 'nordeste', 'brasileiro', 'grande', 'potencial', 'produzir', 'gerar', 'empregos', 'prosperar', 'principalmente', 'falamos', 'agricultura', 'energia', 'limpa', 'onde', 'pretendemos', 'avanÃ§ar']","[0, 275]",40016,7635,2018
1820,2018-09-15,"['servimos', 'fonte', 'plano', 'poder', 'foro', 'sp', 'ainda', 'vÃ­timas', 'mazelas', 'causadas', 'lÃ­deres', 'alÃ©m', '14', 'milhÃµes', 'brasileiros', 'desempregados', 'hoje', 'todos', 'sofrem', 'crise', 'migratÃ³ria', 'causada', 'maduro', 'norte', 'brasil', 'regiÃ£o', 'visitada', 'recentemente']","[0, 279]",14051,2723,2018
4150,2018-09-15,"['deus', 'comando', 'ğŸ‡§ğŸ‡·']","[0, 19]",46076,5910,2018
3215,2018-09-15,"['obrigado', 'palavras', 'senhor', 'ministro', 'interior', 'itÃ¡lia', '2019', 'brasil', 'possa', 'fortalecer', 'relaÃ§Ãµes', 'itÃ¡lia', 'paÃ­ses', 'livres', 'democrÃ¡ticos', 'mundo']","[0, 176]",20992,4163,2018
690,2018-09-15,"['Ãºltimos', 'anos', 'pt', 'doou', 'bilhÃµes', 'ditaduras', 'amigas', 'via', 'bndes', 'dinheiro', 'deveria', 'utilizado', 'forma', 'responsÃ¡vel', 'crescimento', 'serviu', 'pra', 'alimentar', 'governos', 'autoritÃ¡rios', 'antidemocrÃ¡ticos', 'cuba', 'venezuela', 'dar', 'retorno', 'algum', 'vai', 'acabar']","[0, 280]",33948,8302,2018
5706,2018-09-15,"['obrigado', 'consideraÃ§Ã£o', 'mulheres', 'todo', 'brasil']","[0, 54]",31373,5164,2018
2729,2018-09-15,"['bom', 'dia', 'todos', 'ğŸ‘ğŸ»']","[0, 19]",13132,1349,2018
4926,2018-09-15,"['diferenÃ§a', 'enquantos', 'uns', 'gastam', 'dezenas', 'milhÃµes', 'campanha', 'milhÃµes', 'voluntÃ¡rios', 'movidos', 'sonho', 'brasil', 'justo', 'seguranÃ§a', 'oportunidades', 'obrigado', 'povo', 'pombo', 'pe', 'obrigado', 'nordeste']","[0, 232]",29806,5779,2018
4912,2018-09-15,"['rejeiÃ§Ã£o', 'aumenta', 'cada', 'dia']","[0, 33]",31524,7261,2018
6192,2018-09-15,"['vamos', 'juntos', 'irmÃ£os', 'venezuelanos', 'ğŸ‡§ğŸ‡·ğŸ‡»ğŸ‡ª']","[0, 39]",11444,2300,2018
6223,2018-09-16,"['pombos', 'ğŸ‘ğŸ»']","[0, 10]",6269,536,2018
1007,2018-09-16,"['assim', 'terminarmos', 'live', 'facebook', 'disponibilizaremos', 'canal', 'youtube']","[0, 112]",8284,1383,2018
3586,2018-09-16,"['autorizaÃ§Ã£o', 'equipe', 'mÃ©dica', 'hospital', 'albert', 'einstein', 'hoje', '1650', 'farei', 'live', 'falar', 'todos', 'lÃ¡', 'forte', 'abraÃ§o', 'ğŸ‘ğŸ»']","[0, 140]",21909,4385,2018
2489,2018-09-16,"['facebook', 'marcando', 'spam', 'tenta', 'compartilhar', 'live', 'jair', 'bolsonaro', 'feita', 'pouco', 'disponibilizamos', 'Ã­ntegra', 'youtube', 'alternativa', 'censura', 'assista', 'compartilhe']","[0, 217]",26540,7381,2018
5834,2018-09-16,"['pequeno', 'documentÃ¡rio', 'produzido', 'deputado', 'federal', 'eduardo', 'bolsonarosp', 'passagem', 'roraima', 'objetivo', 'retratar', 'crise', 'migratÃ³ria', 'venezuelanos', 'norte', 'brasil', 'assista']","[0, 210]",9658,2012,2018
4888,2018-09-16,"['apÃ³s', 'atentado', 'bolsonaro', 'fala', 'pÃºblico', 'primeira', 'vez', 'assista', 'assuntos', 'tocados']","[0, 122]",14669,3060,2018
258,2018-09-16,"['vÃª', 'qualquer', 'destes', 'acusam', 'contra', 'democracia', 'posicionarem', 'contra', 'controle', 'mÃ­dia', 'internet', 'maioria', 'inclusive', 'agindo', 'contrariamente', 'liberdade', 'expressÃ£o']","[0, 202]",15514,2896,2018
3419,2018-09-16,"['controle', 'internet', 'regulaÃ§Ã£o', 'mÃ­dia', 'principal', 'objetivo', 'barrar', 'crescimento', 'veÃ­culos', 'independentes', 'sob', 'pretexto', 'combater', 'fontes', 'seguras', 'assegurar', 'jornalismo', 'sÃ©rio', 'calando', 'alinhados', 'agenda', 'globalista']","[0, 269]",24541,5237,2018
6572,2018-09-17,"['aprovar', 'leis', 'importante', 'brasil', 'paraÃ­so', 'faltam', 'aqui', 'leis', 'muitas', 'inÃºteis', 'fazemos', 'parte', 'propondo', 'penas', 'duras', 'estupradores', 'reduÃ§Ã£o', 'maioridade', 'penal', 'etc', 'impedindo', 'leis', 'ruins', 'passadas', 'adiante']","[0, 280]",36233,7311,2018
4449,2018-09-17,"['bom', 'dia', 'brasil', 'potencial', 'turÃ­stico', 'Ã­mpar', 'mundo', 'porÃ©m', 'sufocado', 'violÃªncia', 'falta', 'infraestrutura', 'ativismo', 'ambiental', 'baÃ­a', 'angra', 'reis', 'exemplo', 'poderia', 'cancun', 'brasileira', 'economia', 'beleza', 'muitos', 'superior']","[0, 261]",22931,3978,2018
3826,2018-09-17,"['agradeÃ§o', 'movimentos', 'espontÃ¢neos', 'espalhados', 'todo', 'brasil', 'neste', 'final', 'semana', 'recuperaÃ§Ã£o', 'certeza', 'dÃ¡', 'forÃ§as', 'cumprir', 'missÃ£o', 'vamos', 'mudar', 'brasil', 'obrigado', 'todos', 'ğŸ‘ğŸ»']","[0, 223]",30178,6161,2018
1472,2018-09-17,"['resumir', 'atuaÃ§Ã£o', 'parlamentar', 'aprovaÃ§Ã£o', 'leis', 'sinal', 'incompetÃªncia', 'entender', 'funciona', 'poder', 'legislativo', 'mÃ¡', 'fÃ©', 'induzir', 'pessoas', 'erro', 'vÃ­cio', 'modelos', 'governo', 'resultam', 'mecanismos', 'mensalÃ£o']","[0, 246]",16367,3010,2018
1795,2018-09-18,"['constituiÃ§Ã£o', 'mapa', 'princÃ­pios', 'liberais', 'bÃºssola', 'navegarmos', 'caminho', 'prosperidade', 'fundamentos', 'pessoas', 'certas', 'finalmente', 'trazer', 'paÃ­s', 'valores', 'estampam', 'bandeira', 'verde', 'amarela', 'ordem', 'progresso']","[0, 276]",41623,8598,2018
431,2018-09-18,"['economia', 'governabilidade', 'descentralizaÃ§Ã£o', 'poder', 'dirimimos', 'suspeitas', 'relaÃ§Ãµes', 'promÃ­scuas', 'federaÃ§Ã£o', 'estado', 'municÃ­pio', 'combatendo', 'problemas', 'peculiares', 'cada', 'regiÃ£o', 'facilitando', 'cidadÃ£o', 'fiscalizaÃ§Ã£o', 'aplicabilidade', 'recursos', 'pÃºblicos']","[0, 269]",24104,4408,2018
3307,2018-09-18,"['fake', 'news', 'descarado', 'cidadÃ£o', 'apontado', 'veja', 'online', 'hoje', 'nunca', 'lotado', 'gabinete']","[0, 108]",13383,3611,2018
3786,2018-09-19,"['pretendemos', 'ğŸ‘ğŸ»']","[0, 15]",9396,771,2018
4579,2018-09-19,"['equipe', 'econÃ´mica', 'trabalha', 'reduÃ§Ã£o', 'carga', 'tributÃ¡ria', 'desburocratizaÃ§Ã£o', 'desregulamentaÃ§Ãµes', 'chega', 'impostos', 'lema', 'faremos', 'diferente', 'brasil', 'queremos']","[0, 196]",45170,9573,2018
5025,2018-09-19,"['agradeÃ§o', 'todos', 'demonstrando', 'apoio', 'variadas', 'formas', 'surpreendente', 'forÃ§a', 'dÃ¡', 'seguir', 'frente', 'carlosbolsonaro', 'ğŸ‡§ğŸ‡·ğŸ‘ğŸ»']","[0, 163]",41818,6411,2018
4775,2018-09-19,"['ignorem', 'notÃ­cias', 'mal', 'intencionadas', 'dizendo', 'pretendermos', 'recriar', 'cpmf', 'procede', 'querem', 'criar', 'pÃ¢nico', 'pois', 'pÃ¢nico', 'chance', 'vitÃ³ria', 'ninguÃ©m', 'aguenta', 'impostos', 'consciÃªncia', 'disso', 'boa', 'noite', 'todos', 'ğŸ‘ğŸ»']","[0, 242]",49165,13324,2018
6574,2018-09-19,"['misscaviar', 'ğŸ‘ğŸ»']","[12, 14]",1938,91,2018
2447,2018-09-20,"['tentaram', 'tirar', 'disputa', 'covardia', 'esforÃ§o', 'cada', 'momento', 'crÃ­tico', 'ergue', 'ainda', 'mostrando', 'possÃ­vel', 'vencer', 'vender', 'alma', 'mentiras', 'ninguÃ©m', 'vai', 'apagar', 'vamos', 'frente', 'chega', 'facÃ§Ãµes', 'comandando', 'brasil']","[0, 279]",60824,13731,2018
2670,2018-09-20,"['homens', 'menina', 'mudou', 'vida', 'crianÃ§as', 'sempre', 'lutarei']","[0, 90]",31804,6764,2018
644,2018-09-20,"['amnom2001', 'g1', 'ğŸ‘ğŸ»']","[15, 17]",123,13,2018
4554,2018-09-20,"['oravodecaralho', 'ğŸ‘ğŸ»']","[16, 18]",1205,59,2018
5973,2018-09-20,"['vamos', 'ğŸ‡§ğŸ‡·']","[0, 11]",19923,4395,2018
2578,2018-09-20,"['brasileiro', 'desta', 'vez', 'opÃ§Ã£o', 'escolher', 'alguÃ©m', 'pegue', 'firme', 'contra', 'violÃªncia', 'favor', 'livre', 'mercado', 'contra', 'aborto', 'doutrinaÃ§Ã£o', 'ideolÃ³gica', 'educaÃ§Ã£o', 'livre', 'acordÃµes', 'polÃ­ticos', 'favor', 'reduÃ§Ã£o', 'maioridade', 'penal', 'mudaremos', 'juntos', 'direÃ§Ã£o', 'brasil']","[0, 279]",50750,11447,2018
4056,2018-09-21,"['obrigado', 'moleque', 'abraÃ§o', 'sorocaba', 'ğŸ‘ğŸ»']","[0, 41]",18894,3039,2018
4211,2018-09-21,"['votei', 'revogaÃ§Ã£o', 'cpmf', 'cÃ¢mara', 'deputados', 'nunca', 'cogitei', 'volta', 'equipe', 'econÃ´mica', 'sempre', 'descartou', 'qualquer', 'aumento', 'impostos', 'espalha', 'mentiroso', 'irresponsÃ¡vel', 'livre', 'mercado', 'menos', 'impostos', 'lema', 'economia']","[0, 253]",37338,10302,2018
1228,2018-09-21,"['enquanto', 'adversÃ¡rios', 'dedicam', 'milhÃµes', 'campanha', 'ataques', 'covardes', 'contra', 'brasil', 'sofre', '60', 'mil', 'homicÃ­dios', 'ano', '14', 'milhÃµes', 'desempregados', '50', 'mil', 'estupros', 'diferenÃ§a', 'preocupaÃ§Ã£o', 'poder', 'qualquer', 'custo', 'futuro', 'paÃ­s']","[0, 280]",40958,11557,2018
2848,2018-09-21,"['menos', 'impostos', 'desburocratizaÃ§Ã£o', 'preciso', 'parar', 'sufocar', 'produz', 'enquanto', 'adversÃ¡rios', 'mentem', 'preocupam', 'somente', 'poder', 'qualquer', 'custo', 'time', 'foca', 'futuro', 'paÃ­s']","[0, 194]",30772,7660,2018
534,2018-09-21,"['mÃ¡', 'notÃ­cia', 'restou', 'torcer', 'contra', 'saÃºde', 'recuperaÃ§Ã£o', 'nunca', 'senti', 'tÃ£o', 'feliz', 'bem', 'voltando', 'juntos', 'fazermos', 'brasil', 'grande', 'naÃ§Ã£o', 'ğŸ‡§ğŸ‡·']","[0, 175]",77378,17475,2018
971,2018-09-22,"['usagifluffy', 'ğŸŒ·ğŸ‘ğŸ»bom', 'dia']","[13, 24]",641,33,2018
3309,2018-09-22,"['forte', 'abraÃ§o', 'paranÃ¡']","[0, 24]",7793,1584,2018
827,2018-09-22,"['obrigado', 'joÃ£o', 'pessoa', 'forte', 'abraÃ§o', 'paraÃ­ba']","[0, 51]",30430,5623,2018
5015,2018-09-22,"['entenda', 'preconceito']","[0, 28]",24189,6672,2018
5447,2018-09-22,"['pontes', 'lacerda', 'mt', 'obrigado']","[0, 38]",11238,2212,2018
1590,2018-09-22,"['sinceros', 'agradecimentos', 'parÃ¡', 'ğŸ‘ğŸ»']","[0, 40]",11864,2022,2018
1179,2018-09-22,"['tempos', 'percorrido', 'brasil', 'norte', 'sul', 'conhecendo', 'peculiaridades', 'cada', 'regiÃ£o', 'importamos', 'paÃ­s', 'apenas', 'perÃ­odos', 'eleitorais', 'oportunismo', 'polÃ­tico', 'habitual', 'sempre', 'construÃ­mos', 'confianÃ§a', 'olho', 'olho', 'juntos', 'vamos', 'resgatar', 'naÃ§Ã£o']","[0, 280]",30749,5688,2018
2750,2018-09-22,"['obrigado', 'guabiruba', 'forte', 'abraÃ§o', 'santa', 'catarina']","[0, 56]",15927,2901,2018
2535,2018-09-22,"['forte', 'abraÃ§o', 'cearÃ¡']","[0, 25]",10228,1778,2018
830,2018-09-22,"['heltono52089192', 'ğŸ‘ğŸ»ğŸ‘‰ğŸ»ğŸ‘‰ğŸ»']","[17, 23]",898,49,2018
5264,2018-09-22,"['obrigado', 'minas', 'gerais', 'ğŸ‡§ğŸ‡·ğŸ‘ğŸ»']","[0, 28]",12456,2475,2018
2776,2018-09-22,"['fortÃ­ssimo', 'abraÃ§o', 'cruzeiro', 'sul', 'ac']","[0, 43]",15109,2840,2018
1299,2018-09-22,"['obrigado', 'rio', 'janeiro']","[0, 25]",9460,1854,2018
4686,2018-09-22,"['vamos', 'juntos', 'sp']","[0, 17]",7474,1295,2018
4869,2018-09-23,"['assumi', 'compromisso', 'reduzir', 'nÃºmero', 'ministÃ©rios', 'extinguir', 'privatizar', 'grande', 'parte', 'estatais', 'hoje', 'existem', 'gastos', 'desnecessÃ¡rios', 'devem', 'atender', 'populaÃ§Ã£o', 'recusar', 'acordÃµes', 'negociam', 'cargos', 'troca', 'apoio', 'faz', 'parte', 'deste', 'objetivo', 'ğŸ‡§ğŸ‡·ğŸ‘ğŸ»']","[0, 265]",49123,9776,2018
2288,2018-09-23,"['jjsa99991334', 'bom', 'dia', 'ğŸ‘ğŸ»']","[14, 25]",1372,58,2018
5880,2018-09-23,"['jair', 'bolsonaro', 'recebe', 'visita', 'paulo', 'guedes', 'sempre', 'juntos', 'busca', 'ordem', 'progresso']","[0, 90]",36058,5645,2018
2097,2018-09-23,"['incentivos', 'cultura', 'permanecerÃ£o', 'artistas', 'talentosos', 'iniciando', 'carreiras', 'possuem', 'estrutura', 'acabarÃ¡', 'milhÃµes', 'dinheiro', 'pÃºblico', 'financiando', 'famosos', 'sob', 'falso', 'argumento', 'incentivo', 'cultural', 'compram', 'apoio', 'fim']","[0, 279]",33086,8285,2018
2101,2018-09-23,"['indignaÃ§Ã£o', 'eletiva', 'deonetidade', 'alguns']","[0, 50]",36548,10743,2018
2585,2018-09-23,"['manifestaÃ§Ãµes', 'brasil', 'obrigado', 'apoio', 'confianÃ§a', 'consideraÃ§Ã£o']","[0, 79]",19292,3664,2018
265,2018-09-23,"['desrespeito', 'pobres', 'deixar', 'crianÃ§as', 'merenda', 'escolas', 'boa', 'noite', 'todos']","[0, 90]",69074,13920,2018
3256,2018-09-23,"['domingo', '23092018', 'copacabana', 'obrigado', 'garoto', 'flaviobolsonaro', 'forte', 'abraÃ§o', 'rio', 'janeiro']","[0, 108]",23658,4894,2018
6633,2018-09-24,['ğŸ‡§ğŸ‡·ğŸ‘ğŸ»'],"[0, 4]",26759,3680,2018
5497,2018-09-24,"['jair', 'bolsonaro', 'recebe', 'visita', 'candidato', 'senado', 'paulo', 'majorolimpio', '177', 'ğŸ‘ğŸ»']","[0, 92]",14903,1962,2018
2939,2018-09-24,"['carlos', 'verezza', 'visita', 'jair', 'bolsonaro']","[0, 37]",36168,7417,2018
1306,2018-09-24,"['assista', 'entrevista', 'bolsonaronajovempan', '18h30', 'ospingonosis']","[0, 100]",13770,3069,2018
4800,2018-09-24,"['antes', 'qualquer', 'resultado', 'encontrado', 'nomes', 'qualificados', 'compor', 'time', 'prÃ¡tica', 'garantia', 'equipe', 'comprometida', 'interesses', 'naÃ§Ã£o', 'indicaÃ§Ãµes', 'lideranÃ§as', 'partidos', 'polÃ­ticos', 'mantido', 'brasil', 'lama', 'Ãºltimos', 'governos']","[0, 279]",38595,7062,2018
1780,2018-09-24,"['texto', 'separa', 'velha', 'nova', 'polÃ­tica']","[0, 69]",11797,2943,2018
6469,2018-09-25,"['ğŸ‡§ğŸ‡·ğŸ‘‰ğŸ»ğŸ‘‰ğŸ»ğŸ‘ğŸ»â˜€ï¸', 'obrigado', 'confianÃ§a']","[0, 42]",33922,5967,2018
2085,2018-09-25,[],"[0, 0]",22594,5206,2018
6399,2018-09-25,"['sempre', 'pregaÃ§Ã£o', 'amor', 'verdade', 'jornalismo', 'folha', 'sp']","[0, 70]",13991,2987,2018
244,2018-09-25,"['ru4nkl3in', 'bom', 'dia', 'ğŸ‘ğŸ»']","[11, 22]",244,14,2018
6068,2018-09-25,"['assista', 'aqui', 'conversa', 'sobre', 'atentado', 'augustosnunes', 'hospital', 'albert', 'einstein']","[0, 116]",12312,2975,2018
4619,2018-09-25,"['obrigado', 'consideraÃ§Ã£o', 'mestre', 'oswaldo', 'alves', 'respeitados', 'guerreiros', 'histÃ³ria', 'mundo', 'artes', 'marciais', 'jiujitsu', 'honra']","[0, 150]",21409,4148,2018
3046,2018-09-25,"['abraÃ§o', 'continue', 'bom', 'trabalho', 'moleque', 'abraÃ§o', 'amado', 'batista', 'marrone']","[0, 78]",19478,3280,2018
3488,2018-09-25,"['forte', 'abraÃ§o', 'surubim', 'pe', 'ğŸ‘ğŸ»']","[0, 33]",26829,5013,2018
4999,2018-09-25,['bolsafamÃ­lia'],"[0, 14]",20670,4423,2018
6256,2018-09-26,"['brasil', 'acima', 'tudo', 'ğŸ‘ğŸ»']","[0, 23]",22679,3558,2018
2705,2018-09-26,"['Ãºltima', 'entrevista', 'antes', 'atentado', '06set2018']","[0, 49]",29592,7068,2018
5846,2018-09-26,[],"[0, 23]",12525,2160,2018
3923,2018-09-26,"['enquanto', 'insistem', 'falÃ¡cias', 'rÃ³tulos', 'fixaÃ§Ã£o', 'palavra', 'ditadura', '14', 'milhÃµes', 'desempregados', 'cidadÃ£os', 'refÃ©ns', 'prÃ³prias', 'casas', '60', 'mil', 'homicÃ­dios', '50', 'mil', 'mulheres', 'estupradas', 'ano', 'disso', 'povo', 'quer', 'saber', 'urgente', 'daqui', 'pra', 'frente']","[0, 275]",40723,9896,2018
4723,2018-09-26,"['queremos', 'resgatar', 'valores', 'perdidos', 'retirar', 'brasil', 'lama', 'violÃªncia', 'corrupÃ§Ã£o', 'colocaram', 'paÃ­s', 'aguenta', 'anos', 'governa', 'dÃ©cadas', 'vamos', 'dar', 'primeiro', 'passo', 'resgatar', 'pÃ¡tria', 'ğŸ‘ğŸ»']","[0, 239]",22618,4900,2018
3735,2018-09-26,"['incomoda', 'muitos', 'apoio', 'recebemos', 'espontÃ¢neo', 'algo', 'nunca', 'bolsonaro', 'brasil', 'saqueado', 'jogado', 'traÃ§as', 'todas', 'cores', 'idades', 'sexo', 'classe', 'social', 'confiantes', 'chegada', 'futuro', 'melhor', 'imbatÃ­vel', 'ğŸ‡§ğŸ‡·']","[0, 276]",48361,11128,2018
4133,2018-09-27,"['grato', 'consideraÃ§Ã£o', 'sempre', 'janaÃ­na', 'paschoal', 'vamos', 'juntos', 'mudar', 'rumos', 'grande', 'brasil', 'forte', 'abraÃ§o']","[0, 144]",18010,3083,2018
6460,2018-09-27,"['certo', 'caminho', 'certo']","[0, 38]",19127,3182,2018
5760,2018-09-27,"['emerson', 'fittipaldi', 'esposa', 'visitam', 'jair', 'bolsonaro']","[0, 51]",31349,4538,2018
2445,2018-09-27,"['2609diadosurdo', 'michelle', 'esposa', 'sempre', 'dedicou', 'aprender', 'deficientes', 'auditivos', 'aqui', 'apresenta', 'parabeniza', 'data', 'diz', 'ainda', 'hospital', 'agradece', 'carinho', 'oraÃ§Ãµes', 'continuarÃ¡', 'lutando', 'comunidade', 'surda', 'bom', 'dia', 'ğŸ‘ğŸ»ğŸŒ·']","[0, 276]",41135,7657,2018
6450,2018-09-27,"['satisfaÃ§Ã£o', 'toda', 'forte', 'abraÃ§o', 'grande', 'emerson', 'ğŸğŸ‘ğŸ»']","[0, 63]",21238,3924,2018
4891,2018-09-27,"['13Â°', 'salÃ¡rio', 'trabalhador', 'previsto', 'art', '7Â°', 'constituiÃ§Ã£o', 'capÃ­tulo', 'clÃ¡usulas', 'pÃ©treas', 'passÃ­vel', 'suprimido', 'sequer', 'proposta', 'emenda', 'constituiÃ§Ã£o', 'criticÃ¡lo', 'alÃ©m', 'ofensa', 'trabalha', 'confessa', 'desconhecer', 'constituiÃ§Ã£o']","[0, 266]",51325,11026,2018
1854,2018-09-27,"['experiÃªncia', 'congresso', 'nacional', 'sabemos', 'funciona', 'estrutura', 'pÃºblica', 'muitos', 'projetos', 'lei', 'prol', 'seguranÃ§a', 'defesa', 'mulheres', 'alÃ©m', 'recursos', 'saÃºde', 'aprendizado', 'parlamentares', 'sobre', 'educaÃ§Ã£o', 'executivo', 'juntos', 'mudaremos', 'brasil']","[0, 276]",24015,4756,2018
3209,2018-09-28,"['anos', 'tentam', 'parar', 'rÃ³tulos', 'criminosos', 'falsos', 'meias', 'verdades', 'distorcidas', 'Ãºltimos', 'meses', 'ataques', 'intensificaram', 'continuamos', 'firmes', 'desse', 'serviÃ§o', 'feito', 'contra', 'adversÃ¡rios', 'apenas', 'verdades', 'venceriamos', 'wo']","[0, 259]",26767,6545,2018
420,2018-09-28,"['reta', 'final', 'eleiÃ§Ãµes', 'vez', 'parte', 'mÃ­dia', 'sempre', 'lanÃ§a', 'Ãºltimos', 'ataques', 'vÃ£', 'tentativa', 'desconstruir', 'sistema', 'agoniza', 'vamos', 'vencÃªlo']","[0, 175]",54633,12506,2018
1661,2018-09-28,"['diferente', 'candidato', 'presidiÃ¡rio', 'sempre', 'posicionei', 'contra', 'controle', 'mÃ­dia', 'assim', 'alvo', 'favorito', 'parece', 'liberdade', 'interessa', 'parte', 'imprensa', 'aparelhada', 'apenas', 'relaÃ§Ãµe', 'promÃ­scuas', 'esquerda', 'nocivas', 'informaÃ§Ã£o', 'democracia']","[0, 276]",40422,9917,2018
2518,2018-09-28,"['josÃ©', 'dirceu', 'expresidente', 'pt', 'condenado', 'corrupÃ§Ã£o', 'influenciador', 'campanha', 'haddad', 'assim', 'lulla', 'preso', 'outro', 'cumpre', 'pena', 'liberdade']","[0, 172]",20610,6818,2018
174,2018-09-28,"['apresentamos', 'perante', 'procurador', 'geral', 'justiÃ§a', 'ministÃ©rio', 'pÃºblico', 'estado', 'rj', 'notÃ­cia', 'crime', 'praticado', 'revista', 'veja', 'editora', 'abril']","[0, 148]",51112,14011,2018
3414,2018-09-28,"['obrigado', 'homenagem', 'mulheres', 'minas', 'gerais', 'apÃ³s', 'ocorrido', 'carinho', 'aumentou', 'obrigado', 'apoio']","[0, 144]",31367,6047,2018
5623,2018-09-28,"['recebendo', 'visita', 'lucianohang', 'famÃ­lia', 'ğŸ‘ğŸ»']","[0, 52]",22815,3377,2018
3253,2018-09-29,"['brasil', 'lama', 'conta', 'sistema', 'falido', 'coloca', 'povo', 'serviÃ§o', 'estado', 'faz', 'acordos', 'corruptos', 'visando', 'prÃ³pria', 'sobrevivÃªncia', 'liderando', 'corrida', 'curvar', 'modelo', 'afirmo', 'seguranÃ§a', 'nunca', 'tÃ£o', 'prÃ³ximos', 'finalmente', 'mudar', 'realidade']","[0, 280]",36377,8065,2018
2985,2018-09-29,"['fiasco', 'grande', 'parte', 'mÃ­dia', 'mostra', 'tentam', 'convencer', 'todo', 'jeito', 'pai', 'kitgay', 'pau', 'mandado', 'corrupto', 'preso', 'crescido', 'pesquisas', 'mentiras', 'aumentarÃ£o', 'fim']","[0, 199]",25442,6472,2018
4734,2018-09-29,"['pt', 'pc', 'assinam', 'apoio', 'regime', 'nicolÃ¡s', 'maduro']","[0, 80]",19135,7099,2018
3928,2018-09-29,"['enfim', 'casa', 'perto', 'famÃ­lia', 'aconchego', 'nossso', 'lar', 'sensaÃ§Ã£o', 'melhor', 'obrigado', 'todos', 'manifestaÃ§Ãµes', 'carinho', 'pude', 'ver', 'percurso', 'volta', 'todo', 'brasil', 'forte', 'abraÃ§o', 'todosğŸ‘ğŸ»ğŸ‡§ğŸ‡·']","[0, 218]",72254,10398,2018
5309,2018-09-29,"['smithhays', 'forte', 'abraÃ§o', 'smithhays']","[12, 39]",2613,149,2018
4136,2018-09-29,"['jornal', 'globo', 'mente', 'dizer', 'omiti', 'imÃ³vel', '2010', 'junto', 'tse']","[0, 68]",23390,6594,2018
3418,2018-09-29,"['verdade', 'omitem']","[0, 24]",20643,6382,2018
4275,2018-09-29,"['filgmartin', 'falou', 'filipe', 'ducha', 'gelada', 'volta', 'batente', 'ğŸ‘ğŸ»']","[12, 64]",3224,336,2018
4813,2018-09-29,"['misscaviar', 'beijo', 'abraÃ§o', 'obrigado', 'consideraÃ§Ã£o']","[12, 61]",424,46,2018
475,2018-09-29,"['propaganda', 'psdb', 'tv', 'apareÃ§o', 'prÃ³prio', 'candidato', 'gastaram', 'dezenas', 'milhÃµes', 'dinheiro', 'pÃºblico', 'inventar', 'mentiras', 'frÃ¡geis', 'respeito', 'fraco', 'precisa', 'merendar']","[0, 202]",68984,15916,2018
564,2018-09-30,['ğŸ‡§ğŸ‡·ğŸŒ·ğŸ‘ğŸ»'],"[0, 5]",20567,4098,2018
1588,2018-09-30,"['mÃ­dia', 'mostra', 'sobralce', 'bolsonaro']","[0, 76]",13755,3303,2018
1492,2018-09-30,"['obrigado', 'vitÃ³ria', 'forte', 'abraÃ§o', 'espÃ­rito', 'santo']","[0, 53]",49899,10614,2018
5883,2018-09-30,"['pedro48839765', 'bolsonarosp', 'boa', 'noite', 'ğŸ‘ğŸ»']","[28, 41]",242,15,2018
1615,2018-09-30,"['obrigado', 'anÃ¡polis', 'forte', 'abraÃ§o', 'todos', 'goiÃ¡s']","[0, 56]",29077,5657,2018
2887,2018-09-30,"['av', 'paulista', 'assiste', 'mensagem', 'jair', 'bolsonaro', 'via', 'bolsonarosp', 'sinceros', 'agradecimentos', 'todo', 'brasil']","[0, 134]",12457,2620,2018
384,2018-09-30,"['venezuelans', 'are', 'dying', 'from', 'hunger', 'because', 'of', 'tyrannical', 'government', 'tied', 'with', 'the', 'cuban', 'dictatorship', 'through', 'our', 'national', 'bank', 'and', 'other', 'sources', 'brazil', 'is', 'one', 'of', 'the', 'biggest', 'sponsors', 'of', 'this', 'appalling', 'socialist', 'agenda', 'this', 'will', 'change', 'our', 'focus', 'is', 'brazil']","[0, 261]",31592,7657,2018
1349,2018-09-30,"['venezuelanos', 'morrem', 'fome', 'devido', 'tirania', 'governo', 'anda', 'mÃ£os', 'dadas', 'ditadura', 'cubana', 'via', 'bndes', 'outras', 'fontes', 'dinheiro', 'brasil', 'maiores', 'patrocinadores', 'socialismo', 'massacra', 'milhÃµes', 'mundo', 'vai', 'mudar', 'conosco', 'foco', 'brasil']","[0, 279]",43433,10420,2018
1559,2018-09-30,"['bolsonarosp', 'vivo', 'agora', 'av', 'paulista', 'obrigado', 'paulo', 'obrigado', 'manifestaÃ§Ãµes', 'todo', 'brasil', 'vamos', 'juntos', 'mudar', 'paÃ­s']","[0, 170]",17550,3486,2018
2307,2018-10-01,"['brasil', 'barbÃ¡rie', 'chega', 'politicamente', 'correto', 'audiÃªncia', 'custÃ³dia', 'indultos', 'desarmar', 'cidadÃ£os', 'progressÃ£o', 'penas', 'saidÃµes']","[0, 143]",3705,1101,2018
783,2018-10-01,"['bolsonaro', 'economia', 'previdÃªncia', 'propriedade', 'privada', 'legislaÃ§Ã£o', 'aliados', 'posicionamentos', 'internacionais', 'projetos', 'pouco', 'trabalho', 'fazem', 'questÃ£o', 'omitir']","[0, 199]",1881,437,2018
219,2018-10-01,"['acusar', 'responsÃ¡vel', 'tudo', 'ruim', 'brasil', 'valÃ©ria', 'monteiro', 'vou', 'ajudar', 'divulgandoa', 'boa', 'sorte', 'prÃ©candidata', 'presidente']","[0, 155]",4742,820,2018
3049,2018-10-01,"['cidadÃ£os', 'indefesos', 'policiais', 'seguranÃ§a', 'jurÃ­dica', 'trabalharem', 'bandidos', 'rindo', 'cara', 'populaÃ§Ã£o', 'polÃ­tica', 'direitos', 'humanos', 'fragilidade', 'legislaÃ§Ã£o', 'dar', 'guinada', 'direÃ§Ã£o', 'neste', 'paÃ­s', 'coragem', 'forÃ§a', 'fÃ©', 'brasil', 'ainda', 'tempo', 'virarmos']","[0, 276]",10219,3278,2018
4032,2018-10-01,"['brasil', 'livre', 'venezuela', 'amanhÃ£', 'documentÃ¡rio', 'esclarecedor', 'jairbolsonaro', 'bolsonarosp']","[0, 147]",3345,1106,2018
2999,2018-10-01,"['milhÃµes', 'governo', 'folha', 'paulo', 'joga', 'sujo', 'contra', 'adversÃ¡rios', 'assista', 'moura101']","[0, 122]",1718,454,2018
2127,2018-10-02,"['leis', 'normas', 'diretrizes', 'colocam', 'todos', 'cidadÃ£os', 'cada', 'dia', 'vulnerÃ¡veis', 'violÃªncia', 'somente', 'transformando', 'cultura', 'defesa', 'direitos', 'humanos', 'defende', 'somente', 'direitos', 'ter', 'direito', 'comeÃ§aremos', 'verdadeiro', 'crescimento', 'paÃ­s']","[0, 279]",6283,1329,2018
2743,2018-10-03,"['passagem', 'noite', 'monte', 'siÃ£omg']","[0, 37]",2567,412,2018
2103,2018-10-04,[],"[0, 0]",7640,1042,2018
5240,2018-10-05,"['embarcando', 'belo', 'horizonte', '13h50min', 'pousaremos', 'pampulha']","[0, 63]",7618,1140,2018
6387,2018-10-05,"['chegada', 'aeroporto', 'pampulha', 'mg', 'seguindo', 'compromissos', 'carinho', 'preÃ§o', 'forte', 'abraÃ§o', 'todos']","[0, 116]",6614,1362,2018
546,2018-10-05,"['jair', 'bolsonaro', 'recebe', 'parlamentar', 'paraguaio', 'debatem', 'importÃ¢ncia', 'relaÃ§Ãµes', 'dois', 'paÃ­ses']","[0, 123]",3619,595,2018
432,2018-10-05,"['porque', 'esquerda', 'potencializou', 'demarcaÃ§Ãµes', 'terras', 'indÃ­genas', 'quilombolas', 'etc']","[0, 106]",2142,461,2018
6327,2018-10-06,"['atuaÃ§Ã£o', 'jair', 'bolsonaro', 'vÃ­deos', 'inscrevase', 'canal', 'acompanhe']","[0, 96]",1675,357,2018
1284,2018-10-06,"['vamos', 'acreditar', 'brasil', 'pÃ¡tria']","[0, 54]",4071,825,2018
549,2018-10-06,"['obrigado', 'guarujÃ¡', 'abraÃ§o', 'paulo']","[0, 44]",3190,618,2018
6165,2018-10-06,"['datafolha', 'vexame', 'sempre']","[0, 33]",8647,2112,2018
505,2018-10-06,"['brasil', 'suporta', 'anos', 'pt', 'psdb', 'aliados', 'eis', 'porque', 'todos', 'contra']","[0, 114]",4797,1046,2018
3841,2018-10-07,"['fernanda', 'salles', 'tercalivre', 'ativismo', 'judicial', 'fim', 'propriedade', 'privada', 'voto', 'impresso']","[0, 128]",1383,333,2018
2257,2018-10-07,"['perfil', 'jornalista', 'twitter', 'saaalles']","[0, 44]",636,93,2018
1329,2018-10-07,"['parabÃ©ns', 'aniversÃ¡rio', 'bolsonarosp', 'siga', 'bom', 'caminho', 'moleque', 'abraÃ§o']","[0, 77]",4764,443,2018
2492,2018-10-08,"['bolsonaronaband', 'saber', 'sobre', 'trabalho', 'ideias', 'contraponto', 'maior', 'parte', 'mÃ­dia', 'mostra', 'acesse', 'ğŸ‘ğŸ»']","[0, 153]",13331,3578,2018
5104,2018-10-08,"['grato', 'assistiram', 'debate', 'horÃ¡rio', 'Ãºnicos', 'verdadeiramente', 'capazes', 'fazer', 'mudanÃ§as', 'necessÃ¡rias', 'colocar', 'brasil', 'trilhos', 'refÃ©m', 'partidos', 'sistema', 'boa', 'noite', 'fiquem', 'deus', 'ğŸ‡§ğŸ‡·']","[0, 235]",38469,5598,2018
1961,2018-10-08,"['daqui', 'pouco', '22h', 'debate', 'bandeirantes', 'conto', 'apoio', 'todos', 'ğŸ‘ğŸ»ğŸ‡§ğŸ‡·', 'estoucombolsonaro', 'bolsonaro2018']","[0, 112]",17650,3793,2018
2249,2018-10-08,"['pow', 'twitter', 'ajuda', 'nÃ³is', 'ai', 'tirar', 'hashtags', 'toda', 'hora', 'ar', 'legal', 'deixa', 'gente', 'liderar', 'democraticamente', 'liberdade', 'internet', 'imprensa', 'quais', 'sempre', 'defendemos', 'diferentemente', 'demais', 'pregam', 'regulaÃ§Ãµes', 'forte', 'abraÃ§o', 'bolsonaronaband', 'ğŸ‘‰ğŸ»ğŸ‘‰ğŸ»']","[0, 273]",28041,7128,2018
3355,2018-10-08,"['tanto', 'redes', 'sociais', 'quanto', 'pessoalmente', 'recebido', 'imenso', 'carinho', 'muitos', 'brasileiros', 'faz', 'compromisso', 'brasil', 'crescer', 'ainda', 'preparados', 'juntos', 'vamos', 'mudar', 'brasil']","[0, 209]",13741,2680,2018
3946,2018-10-08,"['bolsonaronaband', 'ğŸ‘ğŸ»']","[0, 19]",22379,5403,2018
4119,2018-10-08,"['consideraÃ§Ãµes', 'finais', 'debate', 'bandtv']","[0, 41]",11519,2635,2018
2994,2018-10-08,"['final', 'semana', 'virÃ£o', 'nervosos', 'nunca', 'istoÃ©desespero']","[0, 81]",12403,2439,2018
6620,2018-10-08,"['cada', 'manifestaÃ§Ã£o', 'carinho', 'aumento', 'responsabilidade', 'ğŸ‘ğŸ»ğŸ‡§ğŸ‡·ğŸŒ·']","[0, 65]",10787,1932,2018
3356,2018-10-09,"['agradeÃ§o', 'cada', 'cidadÃ£o', 'pai', 'mÃ£e', 'filho', 'filha', 'atos', 'solidariedade', 'realizados', 'Ãºltimos', 'dias', 'apoio', 'combustÃ­vel', 'comunicado', 'menos', 'conta', 'recuperaÃ§Ã£o', 'sendo', 'auxiliado', 'filhos', 'obrigado', 'todos', 'vamos', 'mudar', 'brasil']","[0, 279]",34798,7398,2018
1742,2018-10-09,"['acomodados', 'velha', 'polÃ­tica', 'suja', 'muitos', 'duvidaram', 'seriedade', 'disputa', 'presidencial', 'hoje', 'respeitÃ¡vel', 'crescente', 'time', 'cujo', 'centro', 'ideias', 'une', 'conservadores', 'liberais', 'cristÃ£os', 'ateus', 'outros', 'muitos', 'visando', 'bem', 'comum', 'brasil', 'liberdade']","[0, 279]",37311,7304,2018
1463,2018-10-10,['educaÃ§Ã£o'],"[0, 9]",22408,5302,2018
440,2018-10-10,"['digo', 'desde', 'inÃ­cio', 'pretendemos', 'levar', 'modelo', 'menos', 'escola', 'cada', 'estado', 'brasil', 'alcanÃ§ando', 'altos', 'Ã­ndices', 'educaÃ§Ã£o', 'assim', 'servindo', 'referÃªncia', 'respeito', 'professor', 'ensino', 'qualidade', 'esquecidos', 'Ãºltimos', 'governos', 'base']","[0, 279]",16646,3160,2018
4808,2018-10-10,"['agradeÃ§o', 'consideraÃ§Ã£o', 'maiores', 'meias', 'atacantes', 'futebol', 'brasileiro', 'futebolarte', 'giovanni', 'silva', 'oliveira', 'deixa', 'saudades', 'daqueles', 'bonitos', 'parar', 'ver']","[0, 182]",18822,2319,2018
4639,2018-10-10,"['ronaldocaiado', 'visita', 'jair', 'bolsonaro']","[0, 39]",24585,3818,2018
484,2018-10-10,"['algumas', 'bandeiras', 'jair', 'bolsonaro', 'economia']","[0, 52]",25827,7872,2018
2931,2018-10-10,"['calma', 'hora', 'vai', 'chegar', 'marmita', 'corrupto', 'preso']","[0, 57]",42973,10134,2018
5064,2018-10-10,"['pesquisarem', 'google', 'menor', 'estupra', 'menor', 'mata', 'verÃ£o', 'centenas', 'crimes', 'desta', 'natureza', 'espalhados', 'todo', 'paÃ­s', 'Ãºltimos', 'anos', 'pt', 'pcdob', 'incluindo', 'parlamentares', 'votaram', 'contra', 'prisÃ£o', 'menores', 'estupram', 'matam', 'sempre', 'favor']","[0, 269]",50997,11799,2018
2281,2018-10-10,"['parte', 'mÃ­dia', 'sistema', 'corrupto', 'tudo', 'trouxe', 'caos', 'vivemos', 'insistente', 'nunca', 'batalha', 'contra', 'vamos', 'vencer', 'quebrar', 'engrenagem', 'quer', 'tornar', 'venezuela']","[0, 209]",32310,7402,2018
5485,2018-10-10,['educaÃ§Ã£o'],"[0, 9]",13858,3199,2018
5167,2018-10-10,"['10102018', 'entrevista', 'mÃ©dicos', 'hospital', 'albert', 'einstein', 'reavaliam', 'saÃºde', 'jair', 'bolsonaro']","[0, 122]",8907,1673,2018
995,2018-10-10,"['parlamentar', 'propus', 'penas', 'severas', 'crimes', 'passionais', 'independentemente', 'sexualidade', 'mulheres', 'maiores', 'vÃ­timas', 'destes', 'crimes', 'atinge', 'homossexuais', 'seguirei', 'defendendo', 'todos', 'iguais', 'perante', 'lei', 'assassinos', 'punidos', 'duramente']","[0, 279]",46700,11024,2018
4116,2018-10-10,"['preconceito', 'falase', 'escolas', 'coordenadas', 'militares', 'provado', 'sucesso', 'deste', 'modelo', 'amazonas', 'exemplo', 'escola', 'localizada', 'Ã¡rea', 'pobre', 'dominada', 'criminalidade', 'baixÃ­ssimo', 'desempenho', 'tornou', 'referÃªncia', 'nacional', 'educaÃ§Ã£o']","[0, 280]",33642,6769,2018
2196,2018-10-10,"['indico', 'assistir', 'excelente', 'sÃ©rie', 'teatro', 'tesouras', 'youtube', 'produzida', 'brasilparalelo']","[0, 100]",26531,5815,2018
5690,2018-10-10,"['entrevista', 'lamentei', 'pedi', 'eleitores', 'pratiquem', 'violÃªncia', 'jornais', 'publicaram', 'apenas', 'fala', 'isolada', 'manipular', 'opiniÃ£o', 'pÃºblica', 'esqueceram', 'levou', 'facada', 'motivaÃ§Ãµes', 'polÃ­ticas', 'desinformaÃ§Ã£o', 'serviÃ§o']","[0, 267]",50411,13444,2018
2610,2018-10-11,"['turismo', 'associado', 'meio', 'ambiente', 'Ã³tima', 'fÃ³rmula', 'comprovada', 'preservaÃ§Ã£o', 'alegaÃ§Ã£o', 'intocÃ¡vel', 'age', 'prol', 'pequenos', 'grupos', 'sugar', 'mente', 'inocentes', 'encher', 'bolso', 'poucos', 'dominar', 'grande', 'maioria', 'envolvida', 'travando', 'verdadeiro', 'desenvolvimento']","[0, 273]",61376,8262,2018
5521,2018-10-11,"['entrevista', 'eduribeirotv', 'sobre', 'primeira', 'semana', 'transiÃ§Ã£o', 'governo', 'possÃ­vel', 'assista', 'forte', 'abraÃ§o']","[0, 147]",20081,3053,2018
1544,2018-10-12,"['sempre', 'dito', 'encaro', 'etapa', 'vida', 'missÃ£o', 'deus', 'faremos', 'possÃ­vel', 'dar', 'naÃ§Ã£o', 'futuro', 'dias', 'melhores', 'brasil', 'acima', 'tudo', 'deus', 'acima', 'todos', 'ğŸ‡§ğŸ‡·']","[0, 197]",62642,8699,2018
5002,2018-10-13,"['ameaÃ§a', 'vai', 'transmitida', 'mÃ­dia', 'responder', 'defenderei', 'famÃ­lia', 'propriedade', 'tentando', 'imputar', 'novamente', 'maior', 'vilÃ£o', 'universo']","[0, 175]",46779,15275,2018
6230,2018-10-13,"['agradecer', 'unidos', 'sentimento', 'resgatar', 'brasil', 'assim', 'forte', 'abraÃ§o']","[0, 111]",25234,4806,2018
6436,2018-10-13,[],"[0, 0]",9517,2186,2018
5491,2018-10-13,[],"[0, 0]",11421,2324,2018
2025,2018-10-13,"['brasil', 'gasta', 'pouco', 'ensino', 'bÃ¡sico', 'relaÃ§Ã£o', 'superior', 'alto', 'Ã­ndice', 'alunos', 'noÃ§Ãµes', 'mÃ­nimas', 'leitura', 'escrita', 'faculdades', 'reflete', 'mau', 'investimento', 'vamos', 'priorizar', 'base', 'qualificando', 'ensino', 'capacitar', 'formar', 'grandes', 'profissionais', 'futuro', 'ğŸ‘ğŸ»']","[0, 277]",61250,12164,2018
376,2018-10-13,"['vÃ¡rios', 'sinais', 'indicam', 'governo', 'viÃ©s', 'autoritÃ¡rio', 'alianÃ§a', 'ditaduras', 'controle', 'mÃ­dia', 'desarmamento', 'cidadÃ£os', 'aparelhamento', 'instituiÃ§Ãµes', 'corrupÃ§Ã£o', 'forma', 'anular', 'poderes', 'exemplos', 'todos', 'presentes', 'pt', 'repudiamos', 'tudo']","[0, 280]",56971,14327,2018
5257,2018-10-13,"['signs', 'that', 'indicate', 'an', 'authoritarian', 'government', 'alliances', 'with', 'dictatorships', 'disarmament', 'of', 'the', 'people', 'corporatism', 'of', 'the', 'institutions', 'and', 'corruption', 'means', 'of', 'nullifying', 'political', 'powers', 'all', 'of', 'those', 'are', 'pillars', 'of', 'our', 'adversary', 'we', 'strongly', 'condemn', 'all', 'those', 'practices']","[0, 279]",19474,3729,2018
6194,2018-10-13,['ğŸ‡§ğŸ‡·â˜ğŸ»ğŸ‘‰ğŸ»ğŸ‘‰ğŸ»'],"[0, 8]",25673,3777,2018
550,2018-10-13,"['lsentoes', 'bom', 'dia', 'ğŸ‘ğŸ»']","[10, 20]",2552,192,2018
6768,2018-10-13,"['brasil', 'grande', 'graÃ§as', 'gigante', 'povo', 'resgatarÃ¡', 'confiabilidade', 'olhos', 'mundo']","[0, 92]",25132,5603,2018
5034,2018-10-13,"['cavancado', 'opa', 'bom', 'dia', 'ğŸ‡§ğŸ‡·ğŸ‘ğŸ»']","[12, 43]",900,79,2018
3169,2018-10-13,"['cidadÃ£', 'brasileira', 'fala', 'brasil', 'assista']","[0, 70]",9590,2214,2018
1905,2018-10-13,"['andrade', 'pt', 'manuela', 'pcdob', 'prometem', 'soltar', 'chefe', 'dÃ¡', 'ordens', 'dentro', 'cadeia', 'preso', 'corrupÃ§Ã£o', 'caso', 'venÃ§am', 'eleiÃ§Ãµes']","[0, 136]",29312,8614,2018
1985,2018-10-14,"['1410', 'domingo', 'bolsonaro', 'faz', 'live', 'facebook', 'posta', 'canal', 'youtube', 'tema', 'verdades', 'assista']","[0, 136]",11886,2449,2018
2845,2018-10-14,"['hoje', '1830h', '14102018', 'faremos', 'live', 'assuntos', 'novos', 'facebook', 'vemos', 'lÃ¡', 'forte', 'abraÃ§o']","[0, 115]",30085,5024,2018
1449,2018-10-14,"['apÃ³s', 'mentir', 'descaradamente', 'votei', 'contra', 'deficientes', 'marmita', 'corrupto', 'preso', 'apagou', 'acusaÃ§Ãµes', 'nada', 'acontecido', 'mentira', 'nunca', 'vencerÃ¡', 'verdade', 'conhecereis', 'verdade', 'verdade', 'libertarÃ¡', 'joÃ£o', '832']","[0, 245]",31078,8894,2018
4628,2018-10-14,"['falaremos', 'polÃ­tica', 'vamos', 'falar', 'corrida', 'carros']","[0, 65]",33919,6620,2018
2618,2018-10-14,"['maquiador', 'lili', 'ferraz', 'visita', 'vota', 'jair', 'bolsonaro']","[0, 51]",40952,8778,2018
785,2018-10-14,"['leandromartinz', 'ğŸ‘ğŸ»']","[17, 19]",75,2,2018
691,2018-10-14,"['parabÃ©ns', 'policiais', 'bom', 'trabalho', 'ğŸ‘ğŸ»']","[0, 44]",54214,9753,2018
3121,2018-10-14,"['curiosidade', 'sobre', 'andrade', 'pt', 'recebe', 'ordens', 'dentro', 'prisÃ£o']","[0, 112]",31038,9356,2018
3228,2018-10-15,"['tudo', 'governantes', 'passados', 'isentaram', 'contrÃ¡rios', 'posicionamos', 'claramente']","[0, 95]",21317,4725,2018
3277,2018-10-15,"['professores', 'brasil', 'dia']","[0, 38]",20622,4644,2018
5885,2018-10-15,"['entrevista', 'produtiva', 'bacana', 'clauwild1', 'grande', 'abraÃ§o']","[0, 76]",10862,2171,2018
2647,2018-10-15,"['rede', 'record', '1410', 'inÃ­cio', 'segunda', 'semana', 'jair', 'bolsonaro', 'segundo', 'turno', 'eleiÃ§Ãµes', 'presidenciais']","[0, 133]",12924,2560,2018
3745,2018-10-15,"['praxe', 'jair', 'bolsonaro', 'faz', 'visita', 'amigos', 'bope']","[0, 93]",12897,2348,2018
2431,2018-10-15,"['jair', 'bolsonaro', 'recebe', 'visita', 'dom', 'antonio', 'augusto', 'dias', 'duarte', 'bispo', 'auxiliar', 'rio', 'janeiro']","[0, 98]",19334,3453,2018
6329,2018-10-15,"['explicaÃ§Ã£o', 'porque', 'haddad', 'tenta', 'todo', 'custo', 'transformar', 'camaleÃ£o']","[0, 77]",23144,5938,2018
891,2018-10-15,"['evento', 'neste', 'domingo', '14102018', 'obrigado', 'joÃ£o', 'pessoa', 'pb', 'forte', 'abraÃ§o', 'imenso', 'nordeste']","[0, 108]",28770,5761,2018
3927,2018-10-16,"['recuso', 'qualquer', 'tipo', 'apoio', 'vindo', 'grupos', 'supremacistas', 'sugiro', 'coerÃªncia', 'apoiem', 'candidato', 'esquerda', 'adora', 'segregar', 'sociedade', 'explorar', 'influenciar', 'eleiÃ§Ã£o', 'brasil', 'grande', 'burrice', 'desconhecer', 'povo', 'brasileiro', 'miscigenado']","[0, 278]",47354,10588,2018
970,2018-10-16,"['quadro', 'impostos', 'analise', 'propostas', 'cada', 'candidato', 'planos', 'governo', 'tire', 'conclusÃµes', 'melhor', 'brasil']","[0, 146]",13618,3872,2018
2968,2018-10-16,"['senhor', 'andrade', 'conversa', 'poste', 'bÃªbado', 'existe', 'preso', 'corrupÃ§Ã£o', 'vai', 'toda', 'semana', 'cadeia', 'visitÃ¡lo', 'intimamente', 'alÃ©m', 'receber', 'ordens', 'cuidado', 'desenrolar', 'notÃ­cias', 'reveladas', 'pode', 'prÃ³ximo']","[0, 244]",62121,14099,2018
5978,2018-10-16,[],"[0, 23]",10144,2306,2018
6433,2018-10-16,"['quadro', 'seguranÃ§a', 'sindicatos', 'analise', 'propostas', 'cada', 'candidato', 'planos', 'governo', 'tire', 'conclusÃµes', 'melhor', 'brasil']","[0, 160]",9833,2962,2018
5479,2018-10-16,"['currÃ­culo', 'andrade', 'vai', 'aumentando']","[0, 43]",21889,6082,2018
4898,2018-10-16,"['mudou', 'cores', 'partido', 'escondeu', 'chefe', 'presidiÃ¡rio', 'escondeu', 'apoio', 'ditadura', 'venezuelana', 'tentou', 'abortar', 'kitgay', 'assumir', 'paternidade', 'agora', 'sinaliza', 'mudar', 'plano', 'governo', 'mesmos', 'desde', 'comeÃ§o', 'desesperado']","[0, 265]",75786,18382,2018
3979,2018-10-16,"['heliomedeiros16', 'parabÃ©ns', 'forte', 'abraÃ§o', 'ğŸ‘ğŸ»']","[17, 47]",363,10,2018
5028,2018-10-16,"['rede', 'record', 'bolsonaro', 'relaÃ§Ãµes', 'internacionais', 'planos', 'fakenews', 'assuntos', 'dia', 'assista']","[0, 122]",14057,2767,2018
4716,2018-10-16,"['refuse', 'any', 'kind', 'of', 'support', 'coming', 'from', 'supremacist', 'groups', 'suggest', 'that', 'consistency', 'they', 'support', 'my', 'adversary', 'the', 'candidate', 'of', 'the', 'left', 'party', 'who', 'loves', 'to', 'segregate', 'the', 'society', 'this', 'is', 'an', 'offense', 'with', 'brazilian', 'the', 'most', 'beautiful', 'and', 'mixed', 'race', 'people', 'in', 'the', 'world']","[0, 278]",16961,3412,2018
2399,2018-10-16,"['claro', 'descaso', 'parte', 'mÃ­dia', 'agressÃµes', 'sofridas', 'apoiadores', 'perseguidos', 'anos', 'faltam', 'exemplos', 'vÃ­tima', 'tentativa', 'assassinato', 'cometido', 'exintegrante', 'psol', 'seguindo', 'determinaÃ§Ã£o', 'mÃ©dica', 'desrespeitado', 'adversÃ¡rios']","[0, 279]",39530,8507,2018
4362,2018-10-16,"['mrobalinho', 'perfeito']","[13, 22]",350,4,2018
4857,2018-10-16,"['vamos', 'interessa', 'analise', 'alguns', 'pontos', 'planos', 'governo', 'cada', 'candidato', 'tire', 'conclusÃµes']","[0, 133]",14370,3268,2018
4257,2018-10-16,"['quadro', 'nÃºmero', 'ministÃ©rios', 'presÃ­dios', 'analise', 'propostas', 'cada', 'candidato', 'planos', 'governo', 'tire', 'conclusÃµes', 'melhor', 'brasil']","[0, 171]",10588,3257,2018
2512,2018-10-16,"['situaÃ§Ãµes', 'ocorreu', 'manausam', 'onde', 'bandidos', 'abatidos', 'durante', 'aÃ§Ã£o', 'usaram', 'homens', 'mulheres', 'inocentes', 'escudo', 'humano', 'policiais', 'devem', 'condecorados', 'homenageados', 'sucesso', 'proteÃ§Ã£o', 'cidadÃ£os', 'deixo', 'aqui', 'novamente', 'parabÃ©ns']","[0, 280]",44546,8057,2018
6599,2018-10-16,"['riaffermo', 'qui', 'il', 'mio', 'impegno', 'di', 'estradare', 'il', 'terrorista', 'cesare', 'battisti', 'amato', 'dalla', 'sinistra', 'brasiliana', 'immediatamente', 'in', 'caso', 'di', 'vittoria', 'alle', 'elezioni', 'mostreremo', 'al', 'mondo', 'il', 'nostro', 'totale', 'ripudio', 'impegno', 'nella', 'lotta', 'al', 'terrorismo', 'il', 'brasile', 'merita', 'rispetto']","[0, 265]",21454,4646,2018
5312,2018-10-16,"['histÃ³ria', 'fantoche', 'corrupto', 'admitir', 'erros', 'partido', 'pra', 'boi', 'dormir', 'corrupÃ§Ã£o', 'governos', 'luladilma', 'caso', 'isolado', 'regra', 'governar', 'presos', 'presidente', 'tesoureiros', 'ministros', 'marketeiros', 'etc', 'alÃ©m', 'tantos', 'outros', 'investigados']","[0, 280]",46655,9994,2018
2878,2018-10-16,"['analise', 'propostas', 'cada', 'candidato', 'planos', 'governo', 'tire', 'conclusÃµes', 'melhor', 'brasil', 'quadro', 'imprensa', 'operaÃ§Ã£o', 'lavajato']","[0, 169]",16796,5103,2018
2162,2018-10-16,['ğŸ‡§ğŸ‡·â˜ğŸ»ğŸ‘‰ğŸ»ğŸ‘‰ğŸ»'],"[0, 8]",24678,3248,2018
2614,2018-10-16,"['49', 'milhÃµes', 'brasileiros', 'votaram', 'mim', 'sendo', 'xingados', 'piores', 'adjetivos', 'faz', 'esquece', 'pessoas', 'sofrem', '60', 'mil', 'assassinatos', '50', 'mil', 'estupros', 'ano', 'alÃ©m', 'sentirem', 'bolso', 'vida', 'consequÃªncias', 'corrupÃ§Ã£o', 'pt']","[0, 278]",32709,7355,2018
1074,2018-10-16,"['grato', 'consideraÃ§Ã£o', 'vossa', 'excelÃªncia', 'vice', 'primeiroministro', 'italiano', 'forte', 'abraÃ§o', 'aqui', 'brasil', 'grazie', 'per', 'la', 'vostra', 'considerazione', 'vice', 'primo', 'ministro', 'italiano', 'un', 'grande', 'abbraccio', 'qui', 'dal', 'brasile']","[0, 216]",27894,5459,2018
4103,2018-10-17,"['jair', 'bolsonaro', 'recebe', 'visita', 'senadores', 'chilenos', 'jaqueline', 'van', 'ryselberghe', 'josÃ©', 'durana', 'ğŸ‡§ğŸ‡·ğŸ‡¨ğŸ‡±ğŸ¤']","[0, 98]",14828,2645,2018
6600,2018-10-17,"['esqueÃ§am', 'desde', 'inÃ­cio', 'contra', 'controle', 'mÃ­dia', 'internet', 'desde', 'inÃ­cio', 'defendemos', 'inocÃªncia', 'crianÃ§as', 'escolas', 'desde', 'inÃ­cio', 'contra', 'aborto', 'desde', 'inÃ­cio', 'defendemos', 'prisÃ£o', 'bandidos', 'desencarceramento', 'recusem', 'imitaÃ§Ãµes']","[0, 271]",56012,13895,2018
6018,2018-10-17,"['acabamos', 'fazer', 'ligaÃ§Ã£o', 'via', 'skype', 'professor', 'odecarvalho', 'filgmartin', 'carlosbolsonaro', 'breve', 'bate', 'papo', 'sobre', 'rumos', 'brasil', 'ğŸ‘ğŸ»', 'muitos', 'outros', 'virÃ£o', 'deus', 'quiser']","[0, 190]",22499,3829,2018
6338,2018-10-17,"['pt', 'arrumou', 'cabo', 'eleitoral', 'qualquer', 'oposiÃ§Ã£o', 'queria', 'ter', 'forte', 'abraÃ§o', 'cid', 'gomes', 'lembranÃ§as', 'famÃ­lia']","[0, 129]",30688,6771,2018
5643,2018-10-17,"['2011', 'bolsonaro', 'deflagrava', 'ligaÃ§Ã£o', 'pt', 'ditaduras', 'sanguinÃ¡rias', 'kadafi', 'ditador', 'lÃ­bia', 'assista']","[0, 139]",12538,3213,2018
5458,2018-10-17,"['jair', 'bolsonaro', 'visita', 'domoranijoao', 'cardeal', 'arcebispo', 'rio', 'janeiro']","[0, 76]",15703,3253,2018
2388,2018-10-17,"['ninguÃ©m', 'entende', 'melhor', 'problemas', 'regiÃ£o', 'prÃ³prio', 'povo', 'vamos', 'descentralizar', 'recursos', 'dar', 'autonomia', 'financeira', 'estados', 'municÃ­pios', 'alÃ©m', 'melhor', 'aplicabilidade', 'medida', 'facilita', 'fiscalizaÃ§Ã£o', 'combate', 'corrupÃ§Ã£o', 'perto', 'ğŸ‡§ğŸ‡·']","[0, 275]",50612,9182,2018
3704,2018-10-17,"['perseguiÃ§Ã£o', 'apoiadores', 'bolsonaro', 'algo', 'escala', 'absurda', 'ignorada', 'propositalmente']","[0, 94]",14136,3735,2018
4003,2018-10-17,"['pontos', 'importam', 'propostas', 'analise', 'tire', 'conclusÃµes']","[0, 66]",19323,5787,2018
126,2018-10-17,"['cid', 'gomes', 'agora', 'vez', 'prÃ³prio', 'andrade', 'tentar', 'ajudar', 'bolsonaro', 'kkkk']","[0, 87]",35358,9352,2018
3689,2018-10-17,"['registrada', 'segunda', 'morte', 'pensÃ£o', 'hospedado', 'exintegrante', 'psol', 'tentou', 'assassinar', 'pode', 'muita', 'coincidÃªncia', 'pode', 'novo', 'caso', 'celso', 'daniel', 'caminho', 'verdade', 'apareÃ§a']","[0, 212]",26460,7278,2018
485,2018-10-17,"['lucks1710', 'bom', 'dia', 'ğŸ‘ğŸ»']","[11, 22]",490,29,2018
3173,2018-10-17,"['sigam', 'perfis', 'lsentoes', 'odiodobem', 'quais', 'ligaÃ§Ã£o', 'indico', 'pessoas', 'saibam', 'maioria', 'mÃ­dia', 'tradicional', 'omite', 'ativismo', 'jornalÃ­stico', 'descarado', 'tweets', 'deflagram', 'violÃªncia', 'contra', 'concorda', 'esquerda', 'vale', 'pena', 'conferir']","[0, 280]",26586,5301,2018
858,2018-10-17,"['haddad', 'pt', 'ameaÃ§a', 'justiÃ§a', 'povo', 'brasileiro', 'fingimento', 'apreÃ§o', 'democracia', 'dura', 'abrem', 'boca', 'gostaria', 'opiniÃ£o', 'tribunais', 'deste', 'paÃ­s', 'vamos', 'viver', 'nesse', 'mundo', 'faz', 'contas', 'criado', 'alguns']","[0, 236]",38869,11414,2018
2467,2018-10-17,"['bolsonaro', 'inverso', 'pau', 'mandado', 'corrupto', 'preso']","[0, 78]",12304,2392,2018
1347,2018-10-18,"['violÃªncia', 'contra', 'mulheres', 'homens', 'negros', 'brancos', 'homos', 'hÃ©teros', 'todos', 'grupos', 'possÃ­veis', 'cresceu', 'pt', 'ninguÃ©m', 'promoveu', 'violÃªncia', 'vamos', 'combatÃªla', 'duramente', 'lutar', 'colocar', 'fim', 'impunidade', 'brasil']","[0, 252]",49771,10738,2018
4904,2018-10-18,"['vÃ£o', 'atrÃ¡s', 'fatos', 'parem', 'criar', 'ilaÃ§Ãµes', 'pueril', 'tentativa', 'descredibilizar', 'somente', 'lado', 'polÃ­cia', 'federal', 'busca', 'presidente', 'partido', 'coligaÃ§Ã£o', 'haddad', 'investigaÃ§Ã£o', 'envolve', 'desvios', 'milhÃµes']","[0, 267]",21088,6944,2018
1418,2018-10-18,"['sempre', 'dissemos', 'existe', 'salvador', 'pÃ¡tria', 'graÃ§as', 'uniÃ£o', 'brasileiro', 'chance', 'real', 'virarmos', 'prÃ³xima', 'venezuela', 'juntos', 'daremos', 'pontapÃ©', 'fazermos', 'brasil', 'respeitÃ¡veis', 'potÃªncias', 'mundiais', 'cuja', 'posiÃ§Ã£o', 'jamais', 'deveria']","[0, 279]",18054,3868,2018
6467,2018-10-18,"['aviÃ£o', 'lista', 'odebrecht']","[0, 39]",34325,7628,2018
5949,2018-10-18,"['vamos', 'agir', 'finalmente', 'tribunais', 'maior', 'parte', 'imprensa', 'democracia', 'agradece']","[0, 81]",18604,4700,2018
622,2018-10-18,"['apoio', 'voluntÃ¡rio', 'algo', 'pt', 'desconhece', 'aceita', 'sempre', 'fizeram', 'polÃ­tica', 'comprando', 'consciÃªncias', 'exfiliados', 'partido', 'apoio', 'psol', 'tentou', 'assassinar', 'ameaÃ§a', 'maiores', 'corruptos', 'histÃ³ria', 'brasil', 'juntos', 'resgataremos', 'paÃ­s']","[0, 272]",42737,11491,2018
5412,2018-10-18,"['18', 'outubro', 'dia', 'mÃ©dico', 'data', 'ficarÃ¡', 'sempre', 'coraÃ§Ã£o']","[0, 70]",22809,4087,2018
173,2018-10-18,"['usasse', 'caixa', 'dois', 'candidato', 'pt', 'privilegiam', 'envolvimento', 'crime', 'toa', 'verdadeiro', 'candidato', 'prisÃ£o']","[0, 162]",72573,17478,2018
1931,2018-10-18,"['pt', 'sendo', 'prejudicado', 'fake', 'news', 'verdade', 'roubaram', 'dinheiro', 'populaÃ§Ã£o', 'presos', 'afrontaram', 'justiÃ§a', 'desrespeitaram', 'famÃ­lias', 'mergulharam', 'paÃ­s', 'violÃªncia', 'caos', 'brasileiros', 'sentiram', 'tudo', 'pele', 'enganÃ¡los']","[0, 279]",62023,17361,2018
221,2018-10-18,['desenvolvimento'],"[0, 16]",11393,2600,2018
1910,2018-10-18,"['fakenews', 'araque', 'cÃ£es', 'ladram', 'caravana', 'passa']","[0, 78]",20077,4687,2018
1017,2018-10-18,"['hoje', '18102018', '2000', 'realizaremos', 'live', 'facebook', 'sobre', 'informaÃ§Ãµes', 'realmente', 'interessam', 'brasil']","[0, 116]",31838,6231,2018
2584,2018-10-18,"['jamais', 'confiem', 'pesquisas', 'relaxemos', 'falamos', 'sobre', 'tais', 'criticam', 'falamos', 'fazem', 'tudo', 'motivo', 'tirarem', 'contexto', 'tentar', 'induzilo', 'interessa', 'pesquisa', 'sentimento', 'ruas', 'grato', 'todos', 'consideraÃ§Ã£o']","[0, 279]",42647,8455,2018
5860,2018-10-18,"['manja', 'caixa', 'andrade']","[0, 58]",23354,5550,2018
2458,2018-10-18,"['brasil', 'povo', 'esgotado', 'pagar', 'impostos', 'ter', 'respostas', 'dilaÃ§erado', 'maiores', 'escÃ¢ndalos', 'corrupÃ§Ã£o', 'histÃ³ria', 'protagonizados', 'partido', 'lÃ­der', 'continua', 'dando', 'ordens', 'dentro', 'cadeia', 'transborda', 'brasileiro', 'sentimento', 'angustiante', 'mudanÃ§a', 'ptnÃ£o']","[0, 277]",31489,7422,2018
6646,2018-10-19,['1ï¸âƒ£7ï¸âƒ£'],"[0, 6]",17423,2727,2018
1481,2018-10-19,"['folha', 'sp']","[0, 24]",19831,4693,2018
2007,2018-10-19,"['tomaremos', 'medidas', 'cabÃ­veis', 'aconselho', 'todos', 'acusados', 'injustamente', 'barbaridades', 'fazerem', 'ğŸ‘ğŸ»']","[0, 115]",30650,6027,2018
5434,2018-10-19,['ğŸ‡§ğŸ‡·'],"[0, 2]",13283,2079,2018
464,2018-10-19,"['quÃ£o', 'canalha', 'cara', 'pau', 'alguÃ©m', 'pra', 'colocar', 'vÃ­tima', 'fake', 'news', 'enquanto', 'espalha', 'quatro', 'cantos', 'votei', 'contra', 'deficientes', 'vou', 'aumentar', 'imposto', 'pra', 'pobre', 'acabar', 'bolsafamÃ­lia', 'licenÃ§a', 'maternidade', '13Â°', 'salÃ¡rio', 'monte', 'mentiras']","[0, 278]",56217,14487,2018
538,2018-10-19,"['mensalÃ£o', 'petrolÃ£o', '60', 'mil', 'assassinatos', '50', 'mil', 'estupros', 'ano', 'apoio', 'ditaduras', 'venezuelana', 'cubana', 'expresidente', 'tesoureiros', 'ministros', 'parlamentares', 'marketeiros', 'presos', 'investigados', 'corrupÃ§Ã£o', 'precisa', 'fake', 'news', 'fatos']","[0, 274]",60767,18114,2018
4393,2018-10-19,"['vale', 'tudo', 'desesperados', 'comunista', 'jandira', 'feghali', 'pcdobrj', 'agora', 'chama', 'assassino', 'verdadeiros', 'fabricantes', 'fakenews']","[0, 147]",29596,7546,2018
471,2018-10-19,"['entrevista', 'fatos', 'dia']","[0, 50]",7231,1622,2018
70,2018-10-19,"['socialismo', 'liberdade']","[0, 49]",16378,4408,2018
5869,2018-10-19,['ğŸ‘ğŸ»'],"[0, 2]",28643,4185,2018
5049,2018-10-19,"['compromisso', 'sempre', 'liberdade', 'imprensa', 'internet', 'hoje', 'claro', 'Ã¡gua', 'essÃªncia', 'adversÃ¡rios', 'tentando', 'calar', 'pensa', 'diferente', 'basta', 'analisar', 'atitudes', 'plano', 'governo', 'paÃ­ses', 'inspiram', 'nada', 'alÃ©m', 'simples', 'verdade']","[0, 267]",53313,12288,2018
741,2018-10-19,"['clara', 'diferenÃ§a', 'evoluir', 'camuflar', 'vencer', 'qualquer', 'custo', 'pessoas', 'percebem', 'longo', 'Ãºltimos', 'anos', 'desenvolvemos', 'projeto', 'brasil', 'agregando', 'ideias', 'acreditamos', 'melhor', 'caminho', 'sempre', 'pautados', 'verdade', 'perder', 'essÃªncia']","[0, 280]",32834,10093,2018
3208,2018-10-19,"['pt', 'trata', 'eleiÃ§Ã£o', 'impedir', 'quadrilha', 'desmontada', 'brasileiros', 'podem', 'checar', 'fake', 'fato']","[0, 143]",29289,7067,2018
2366,2018-10-19,"['comparado', 'potencial', 'turÃ­stico', 'brasil', 'recebe', 'anualmente', 'nÃºmero', 'baixÃ­ssimo', 'estrangeiros', 'consequÃªncia', 'principalmente', 'falta', 'infraestrutura', 'violÃªncia', 'meta', 'explorar', 'capacidade', 'mÃ¡ximo', 'tornando', 'atividade', 'carroschefe', 'economia']","[0, 279]",30644,6187,2018
1016,2018-10-19,['ğŸ‘‰ğŸ»ğŸ‘‰ğŸ»'],"[0, 4]",17512,2649,2018
2369,2018-10-19,"['onde', 'guardiÃµes', 'democracia', 'todas', 'mentiras', 'covardes', 'espalhadas', 'preocupaÃ§Ã£o', 'fake', 'news', 'agora', 'viram', 'todos', 'ataques', 'surtiram', 'efeito', 'desejado']","[0, 206]",27827,6415,2018
5513,2018-10-19,"['sequestrador', 'embaixador', 'americano', '1969', 'ministro', 'comunicaÃ§Ãµes', 'pt', 'favorÃ¡vel', 'controle', 'mÃ­dia', 'fez', 'parte', 'time', 'levou', 'caos', 'venezuela', 'consultor', 'haddad', 'franklin', 'martins', 'fez', 'visita', 'Ã­ntima', 'lula', 'cadeia', 'discutir', 'medidas', 'contra', 'mim']","[0, 280]",39069,10494,2018
5174,2018-10-19,"['ainda', 'vi', 'nenhum', 'carnaval', 'midiÃ¡tico', 'judicial', 'sobre', 'vÃ­deo', 'fato', 'fakenews', 'duas', 'pÃ¡ginas', 'onde', 'corpo', 'matÃ©ria', 'contradiz', 'manchete', 'mesma', 'intuito', 'tanta', 'descarada', 'parcialidade', 'assuntos', 'tÃ£o', 'claros', 'olhos', 'bom', 'senso']","[0, 269]",23475,7001,2018
1714,2018-10-20,"['zumbi', 'vagabundo', 'kkkkkkk']","[0, 29]",34012,5647,2018
1552,2018-10-20,"['kkkkkkkkk', 'valeu', 'ğŸ‘ğŸ»']","[0, 19]",49653,7226,2018
2984,2018-10-20,"['irmÃ£os', 'nordeste', 'brasil', 'fomentando', 'economia', 'turismo', 'combatendo', 'violÃªncia', 'trazendo', 'perto', 'paÃ­ses', 'somarÃ£o', 'conosco', 'vamos', 'juntos', 'mudar', 'rumos', 'grande', 'naÃ§Ã£o']","[0, 207]",32218,8321,2018
3769,2018-10-20,"['chefe', 'quadrilha', 'preso', 'corrupÃ§Ã£o', 'enquanto', 'presidente', 'vez', 'prestando', 'exemplo', 'lamentÃ¡vel', 'humilde', 'trabalhador', 'brasileiro', 'assista', 'tire', 'conclusÃµes']","[0, 173]",22945,6641,2018
1466,2018-10-20,"['ramonsenajunior', 'kkkkkkkkk']","[17, 26]",4423,225,2018
4946,2018-10-20,"['obrigado', 'todos', 'colocando', 'hashtag', 'bolsonarosim', 'primeiro', 'lugar', 'twitter', 'brasil', 'ğŸ‘ğŸ»']","[0, 103]",74749,16630,2018
4578,2018-10-20,"['chegando', '2000000', 'inscritos', 'canal', 'youtube', 'obrigado', 'todos', 'consideraÃ§Ã£o', 'vamos', 'juntos', 'mudar', 'brasil']","[0, 165]",27209,5217,2018
585,2018-10-20,"['educaÃ§Ã£o', 'base', 'primordial']","[0, 30]",19266,4261,2018
3124,2018-10-20,"['josÃ©', 'nÃªumane', 'pinto', 'fala', 'sobre', 'tentativa', 'pt', 'inviabilizar', 'candidatura', 'bolsonaro']","[0, 89]",34066,11583,2018
5694,2018-10-20,"['rafaelg37679407', 'bom', 'dia', 'ğŸ‘ğŸ»']","[17, 27]",127,9,2018
6619,2018-10-20,"['defendemos', 'liberdade', 'imprensa', 'internet', 'pois', 'tratase', 'livre', 'expressÃ£o', 'cabe', 'pessoas', 'decidir', 'acreditar', 'filtrando', 'buscando', 'informaÃ§Ãµes', 'controlar', 'meios', 'quer', 'abertamente', 'esquerda', 'faz', 'parte', 'processo', 'implementaÃ§Ã£o', 'estado', 'totalitÃ¡rio']","[0, 278]",43622,10357,2018
59,2018-10-20,"['janicemaciel3', 'forte', 'abraÃ§o', 'janice']","[15, 35]",573,18,2018
1316,2018-10-20,"['fernanda', 'venturini', 'amigas', 'visitam', 'jair', 'bolsonaro', 'obrigado', 'consideraÃ§Ã£o']","[0, 87]",24382,4030,2018
5669,2018-10-20,"['we', 'defend', 'the', 'individual', 'to', 'verify', 'the', 'accuracy', 'of', 'the', 'contents', 'andor', 'sources', 'in', 'the', 'press', 'and', 'internet', 'conversely', 'the', 'left', 'openly', 'states', 'that', 'they', 'wish', 'to', 'control', 'all', 'media', 'which', 'is', 'the', 'first', 'step', 'towards', 'the', 'establishment', 'of', 'totalitarian', 'state']","[0, 252]",12748,2539,2018
5368,2018-10-20,"['veja', 'propostas', 'posicionamentos']","[0, 66]",17303,3511,2018
857,2018-10-21,"['entrevista', 'band', 'presidÃªncia', 'parlamento', 'atendam', 'remessas', 'populaÃ§Ã£o', 'tudo', 'mudar', 'brasil']","[0, 150]",9424,1987,2018
2217,2018-10-21,['dois'],"[0, 8]",25109,4905,2018
4887,2018-10-21,['ğŸ¤–ğŸ¤–ğŸ¤–ğŸ¤–ğŸ‘ğŸ»'],"[0, 6]",28438,6603,2018
3426,2018-10-21,"['robÃ´', 'valeu', 'cearÃ¡']","[0, 28]",20623,4001,2018
3189,2018-10-21,"['via', 'transmissÃ£o', 'celular', 'falamos', 'populaÃ§Ã£o', 'av', 'paulista', 'mensagem', 'dedicada', 'todo', 'brasil']","[0, 124]",22208,4518,2018
1970,2018-10-21,"['forte', 'abraÃ§o', 'niterÃ³i', 'rj']","[0, 28]",10292,2089,2018
702,2018-10-21,"['obrigado', 'todos', 'consideraÃ§Ã£o', 'robÃ´s', 'ruas', 'brasil', 'nasruascombolsonaro']","[0, 87]",24062,6204,2018
1135,2018-10-21,"['robÃ´s', 'cpacabana', 'ğŸ¤–ğŸ¤–ğŸ¤–']","[0, 23]",15476,3734,2018
2508,2018-10-21,"['ğŸ›µğŸ', 'ğŸ‘ğŸ»']","[0, 5]",19016,3644,2018
784,2018-10-21,"['ğŸ¤–ğŸ¤–ğŸ¤–ğŸ¤–ğŸ¤–ğŸ¤–ğŸ¤–ğŸ¤–ğŸ¤–ğŸ¤–ğŸ¤–ğŸ¤–ğŸ¤–ğŸ¤–ğŸ¤–ğŸ¤–ğŸ¤–ğŸ¤–ğŸ¤–ğŸ¤–', 'nasruascombolsonaro']","[0, 45]",23829,5073,2018
2171,2018-10-21,"['recebendo', 'visita', 'grande', 'aminkhader']","[0, 40]",23994,3287,2018
2894,2018-10-21,"['infelizmente', 'saÃºde', 'permite', 'participar', 'atos', 'pÃºblicos', 'cerca', 'mÃªs', 'sofri', 'tentativa', 'assassinato', 'exmilitante', 'psol', 'porÃ©m', 'acompanhando', 'atos', 'coraÃ§Ã£o', 'todos', 'obrigado', 'deus', 'abenÃ§oe', 'nasruascombolsonaro']","[0, 277]",70119,14670,2018
1235,2018-10-21,"['odecarvalho', 'comenta', 'livro', 'fernando', 'haddad', 'defesa', 'socialismo']","[0, 101]",9691,2284,2018
1324,2018-10-21,"['obrigado', 'minas', 'gerais']","[0, 22]",13022,2836,2018
4456,2018-10-21,"['provÃ¡vel', 'ministro', 'ciÃªncia', 'tecnologia', 'astronauta', 'marcos', 'pontes', 'conversamos', 'sobre', 'projetos', 'interligados', 'educaÃ§Ã£o', 'priorizando', 'especializaÃ§Ã£o', 'Ã¡reas', 'exatas', 'biolÃ³gica', 'somente', 'humanas', 'estimulando', 'nova', 'direÃ§Ã£o', 'desde', 'base', 'ensino']","[0, 274]",42690,7798,2018
4679,2018-10-21,['ğŸ‘ğŸ»'],"[0, 2]",6151,1010,2018
3784,2018-10-21,"['agradeÃ§o', 'todos', 'ruas', 'irÃ£o', 'tarde', 'todo', 'brasil', 'fazendo', 'lindas', 'manifestaÃ§Ãµes', 'prol', 'brasil', 'dizendo', 'ptnÃ£o', 'nasruascombolsonaro']","[0, 157]",44425,9280,2018
1864,2018-10-21,"['ninguÃ©m', 'resiste', 'carinho', 'crianÃ§a', 'faz', 'parte', 'dever', 'preservar', 'inocÃªncia', 'todas', 'visita', 'recebemos', 'pequeno', 'grupo', 'deficientes', 'auditivos', 'ğŸ‘ğŸ»']","[0, 174]",41811,7850,2018
6772,2018-10-21,"['obrigado', 'sp']","[0, 12]",6908,1239,2018
6147,2018-10-21,"['intolerÃ¢ncia', 'tolerantes', 'milhares', 'exemplos', 'inclusive', 'tentativa', 'assassinato', 'sofri', 'exmembro', 'psol', 'precisamos', 'internet', 'expor', 'verdades', 'grande', 'maioria', 'jogadas', 'debaixo', 'tapete', 'desespero', 'venceremos']","[0, 278]",48352,14723,2018
3644,2018-10-21,"['forte', 'abraÃ§o', 'espÃ­rito', 'santo']","[0, 34]",15662,2864,2018
1578,2018-10-22,"['hoje', 'reuni', 'muitos', 'empresÃ¡rios', 'diversos', 'setores', 'brasil', 'deixo', 'registro', 'destas', 'produtivas', 'reuniÃµes', 'vamos', 'juntos', 'livrar', 'brasil', 'garras', 'ideolÃ³gicas', 'esquerda']","[0, 184]",29593,5678,2018
6431,2018-10-22,"['pt', 'mÃ¡quina', 'corrupÃ§Ã£o', 'mentiras']","[0, 40]",38781,13106,2018
5566,2018-10-22,"['presidÃªncia', 'congresso', 'demais', 'Ã³rgÃ£os', 'pÃºblicos', 'atendendo', 'demandas', 'populaÃ§Ã£o', 'todos', 'ganharÃ­amos']","[0, 113]",14260,3107,2018
3171,2018-10-22,"['confesso', 'nunca', 'ter', 'visto', 'nada', 'parecido', 'surpresa', 'bacana', 'abraÃ§o', 'mato', 'grosso', 'sul']","[0, 92]",55492,10534,2018
2065,2018-10-22,"['bolsonaro', 'fala', 'sobre', 'manifestaÃ§Ãµes', 'apoio', 'comentÃ¡rio', 'filho', 'sobre', 'stf', 'meses', 'sobre', 'produÃ§Ã£o', 'diÃ¡ria']","[0, 140]",15639,3105,2018
2949,2018-10-22,"['iniciando', 'Ãºltima', 'semana', 'caminho', 'deus', 'quiser', 'nova', 'independÃªncia', 'vamos', 'tirar', 'brasil', 'vermelho', 'devolvÃªlo', 'brasileiros', 'ğŸ‡§ğŸ‡·']","[0, 155]",69909,13590,2018
3839,2018-10-22,"['domingo', 'espetacular', 'mostra', 'estado', 'saÃºde', 'jair', 'bolsonaro']","[0, 87]",20261,3620,2018
6565,2018-10-22,"['con', 'mucho', 'gusto', 'agradecido', 'la', 'consideraciÃ³n', 'presidente']","[0, 61]",24534,4080,2018
4090,2018-10-23,"['trazemos', 'verdades']","[0, 23]",20213,5027,2018
4787,2018-10-23,"['falamos', 'combater', 'bandidos', 'vermelhos', 'baseado', 'prÃ³prio', 'curso', 'investigaÃ§Ãµes', 'polÃ­cia', 'federal', 'lavajato', 'grande', 'histeria', 'parte', 'pt', 'parece', 'carapuÃ§a', 'serviu', 'vez']","[0, 206]",43339,9887,2018
3634,2018-10-23,"['band', 'fim', 'reeleiÃ§Ã£o', 'novo', 'atentado']","[0, 75]",12970,2742,2018
4438,2018-10-23,"['hoje', 'recebi', 'rapidamente', 'parte', 'ampliada', 'bancada', 'deputados', 'federais', 'focados', 'aperfeiÃ§oamento', 'destroÃ§ada', 'seguranÃ§a', 'pÃºblica', 'brasil', 'juntos', 'trabalharemos', 'resgatar', 'brasil', 'heranÃ§a', 'maldita', 'violÃªncia', 'deixada', 'governos', 'anteriores']","[0, 255]",27864,5953,2018
2365,2018-10-23,"['desde', 'inÃ­cio', 'campanha', 'adversÃ¡rios', 'espalham', 'diariamente', 'votei', 'contra', 'deficientes', 'vou', 'aumentar', 'imposto', 'pra', 'pobre', 'acabar', 'bolsafamÃ­lia', 'escolas', '13Â°', 'salÃ¡rio', 'iria', 'armar', 'criancinhas', 'proibir', 'video', 'games', 'mentira', 'desespero', 'tÃªm', 'limites']","[0, 276]",55158,12487,2018
4120,2018-10-23,"['prontuÃ¡rio', 'eletrÃ´nico', 'nacional', 'interligado', 'pilar', 'saÃºde', 'base', 'informatizada', 'cadastro', 'paciente', 'reduz', 'custos', 'facilitarÃ¡', 'atendimento', 'futuro', 'outros', 'mÃ©dicos', 'outros', 'postos', 'hospitais', 'alÃ©m', 'tornar', 'possÃ­vel', 'cobrar', 'desempenho', 'gestores', 'locais']","[0, 277]",27292,5555,2018
3469,2018-10-23,"['credenciamento', 'universal', 'mÃ©dicos', 'toda', 'forÃ§a', 'trabalho', 'saÃºde', 'poderÃ¡', 'utilizada', 'sus', 'permitira', 'compartilhar', 'esforÃ§os', 'Ã¡reas', 'demandas', 'maiores', 'cada', 'momento', 'saiba', 'analisando', 'planos']","[0, 263]",12464,2496,2018
6142,2018-10-23,"['breve', 'vai', 'ter', 'gente', 'pra', 'jogar', 'dominÃ³', 'chefe', 'corrupto', 'presidiÃ¡rio', 'cadeia']","[0, 88]",68043,12241,2018
1772,2018-10-23,"['obrigado', 'apoio', 'zefelipecantor', 'leonardo', 'amigos', 'forte', 'abraÃ§o', 'todos']","[0, 80]",33654,5853,2018
3511,2018-10-23,"['recebendo', 'comitiva', 'representando', 'grande', 'parte', 'prefeitos', 'brasil', 'buscando', 'conhecer', 'problemas', 'eleitos', 'vivem', 'prÃ³ximos', 'populaÃ§Ã£o', 'assista', 'pouco', 'falado', 'reuniÃ£o']","[0, 223]",17853,3758,2018
4957,2018-10-24,"['vÃ£o', 'cobrar', 'resposta', 'sobre', 'atitude', 'suja', 'fingir', 'nada', 'aconteceu', 'chamaram', 'apoiadores', 'homens', 'mulheres', 'idosos', 'pessoas', 'famÃ­lia', 'nazistas', 'semana', 'inteira', 'vai', 'ficar']","[0, 209]",26769,6965,2018
1432,2018-10-24,"['contra', 'mentiras', 'inesgotÃ¡veis', 'vezes', 'verdade']","[0, 60]",23426,6841,2018
2050,2018-10-24,"['melhor', 'forma', 'mostrar', 'respeito', 'pessoas', 'tratandoas', 'igual', 'pra', 'igual', 'valorizandoas', 'carÃ¡ter', 'competÃªncia', 'cor', 'sexualidade', 'frÃ¡geis', 'incapazes', 'ninguÃ©m', 'gosta', 'tratado', 'coitadinho', 'brasil', 'todos', 'ğŸ‡§ğŸ‡·']","[0, 277]",54154,13554,2018
1737,2018-10-24,"['segue', 'fonte']","[0, 38]",12232,2774,2018
5672,2018-10-24,"['concordo', 'mano', 'brown', 'ğŸ‘ğŸ»']","[0, 29]",62258,12617,2018
1458,2018-10-24,"['bolsonaro', 'haddad', 'citados', 'lavajato', 'tirem', 'conclusÃµes']","[0, 63]",24433,7456,2018
5315,2018-10-24,"['segundo', 'global', 'competitiveness', 'report', '2017', 'world', 'economic', 'forum', 'posiÃ§Ã£o', 'brasil', 'relaÃ§Ã£o', 'outros', '136', 'paÃ­ses', 'eficiÃªncia', 'infraestrutura', 'ferrovias', '88â€¢', 'aeroportos', '95â€¢', 'rodovias', '103â€¢', 'portos', '106â€¢', 'qualidade', 'oferta', 'energia', '84â€¢']","[0, 267]",15313,3119,2018
3541,2018-10-24,"['logo', '2000', 'quartafeira24102018', 'faremos', 'nova', 'live', 'facebook', 'novas', 'informaÃ§Ãµes', 'mentiras', 'sendo', 'difundidas', 'pt', 'respeito', 'logo']","[0, 171]",24110,4745,2018
3058,2018-10-24,"['mamata', 'folha', 'paulo', 'vai', 'acabar', 'censura', 'dinheiro', 'pÃºblico', 'recebem', 'fazer', 'ativismo', 'polÃ­tico', 'vai', 'secar', 'credibilidade', 'ralo', 'informaÃ§Ãµes', 'tendenciosas', 'menos', 'sÃ©rias', 'revista', 'piada']","[0, 255]",74002,16191,2018
1048,2018-10-24,"['mentira', 'descarada', 'fantoche', 'corrupto', 'preso']","[0, 57]",24419,7092,2018
6152,2018-10-24,"['desburocratizar', 'simplificar', 'pensar', 'forma', 'estratÃ©gica', 'setor', 'pode', 'deixar', 'gargalo', 'transformar', 'soluÃ§Ã£o', 'havendo', 'baixo', 'risco', 'regulatÃ³rio', 'brasil', 'atrairÃ¡', 'grande', 'quantidade', 'investimentos', 'gerando', 'empregos', 'reduzindo', 'custo', 'usuÃ¡rios']","[0, 276]",12114,2512,2018
1480,2018-10-24,"['complÃ´', 'espalhando', 'fakenews', 'descaradas', 'descontextualizadas', 'contra', 'mim', 'oriundas', 'parlamentares', 'partidos', 'oposiÃ§Ã£o', 'gostaria', 'tsejusbr', 'ficasse', 'atento', 'tomasse', 'medidas', 'cabÃ­veis', 'maiores', 'absurdos', 'sendo', 'espalhados', 'esperar']","[0, 280]",26109,7126,2018
3955,2018-10-24,"['espalha', 'notÃ­cias', 'falsas', 'canalhas', 'vagabundos', 'mentir', 'pt', 'existe']","[0, 79]",41816,12609,2018
2172,2018-10-24,"['esperamos', 'retrataÃ§Ã£o', 'todos', 'repÃºdio', 'irresponsavelmente', 'provas', 'associaram', 'casos', 'pichaÃ§Ãµes', 'agressÃµes', 'nazistas', 'hoje', 'revelados', 'falsos', 'autoridades', 'orquestrados', 'eleitores', 'adversÃ¡rios']","[0, 253]",52042,13191,2018
1530,2018-10-24,"['entrevista', 'tv', 'cidade', 'verde', 'infraestrutura', 'logÃ­stica', 'educaÃ§Ã£o', 'economia', 'turismo', 'contra', 'bravatas', 'mentiras', 'trazemos', 'novamente', 'fatos', 'verdade']","[0, 182]",10141,2263,2018
5507,2018-10-24,"['agricultura', 'familiar', 'responsÃ¡vel', 'cerca', '70', 'produÃ§Ã£o', 'consumido', 'brasil', 'alÃ©m', 'garantir', 'prÃ³pria', 'alimentaÃ§Ã£o', 'renda', 'famÃ­lia', 'todo', 'qualquer', 'paÃ­s', 'mundo', 'busca', 'seguranÃ§a', 'alimentar', 'aÃ­', 'importÃ¢ncia', 'proteÃ§Ã£o']","[0, 253]",38897,7524,2018
2418,2018-10-25,"['brasil', 'acima', 'tudo']","[0, 23]",73363,13933,2018
1486,2018-10-25,"['facilitando', 'interligaÃ§Ãµes', 'transportes', 'toda', 'malha', 'vence', 'ganha', 'fim', 'desenvolvimento', 'social', 'independÃªncia', 'exercer', 'foco']","[0, 162]",15770,3555,2018
3382,2018-10-25,"['juliouberx', 'bom', 'dia', 'julio', 'abraÃ§o', 'famÃ­lia']","[12, 48]",247,7,2018
3855,2018-10-25,"['agradeÃ§o', 'consideraÃ§Ã£o', 'empresÃ¡rio', 'roberto', 'justus']","[0, 53]",59902,13920,2018
6622,2018-10-25,"['paibahia', 'alvorada', 'ğŸ‡§ğŸ‡·ğŸ‘ğŸ»']","[11, 25]",461,37,2018
3434,2018-10-25,"['reinaldotheo', 'vamos', 'grato', 'consideraÃ§Ã£o']","[14, 45]",376,12,2018
57,2018-10-25,"['obrigado', 'sempre', 'consideraÃ§Ã£o', 'odecarvalho', 'faz', 'parte', 'desta', 'mudanÃ§a']","[0, 78]",31755,6944,2018
1040,2018-10-25,"['link', 'youtube', 'live', 'feita', 'facebook', 'novas', 'informaÃ§Ãµes', 'mentiras', 'sendo', 'difundidas', 'respeito']","[0, 138]",13953,3653,2018
5665,2018-10-25,"['pouco', 'andrade']","[0, 25]",16893,4671,2018
6449,2018-10-25,"['entrevista', 'tercalivre', 'sobre', 'bolivarianismo', 'foro', 'sp', 'assista']","[0, 102]",13619,3375,2018
4569,2018-10-25,"['gabfelipebro', 'bom', 'dia', 'gabriel']","[16, 33]",348,14,2018
1080,2018-10-25,"['combater', 'desemprego', 'brasil', 'precisa', 'confianÃ§a', 'seguranÃ§a', 'investidores', 'confiam', 'brasil', 'milhares', 'empresas', 'fecharam', 'devido', 'violÃªncia', 'altos', 'impostos', 'burocracia', 'corrupÃ§Ã£o', 'crise', 'tudo', 'heranÃ§a', 'pt', 'mudaremos', 'quadro', 'governo', 'emprego']","[0, 279]",36056,8286,2018
6524,2018-10-25,[],"[0, 0]",30110,8529,2018
5938,2018-10-25,"['paÃ­ses', 'liberdade', 'econÃ´mica', 'mundo', 'possuem', 'taxas', 'baixÃ­ssimas', 'desemprego', 'seguiremos', 'rumo', 'criaremos', 'emprego', 'nunca', 'norte', 'nordeste', 'crescerÃ£o', 'sul', 'sudeste', 'centrooeste', 'voltarÃ£o', 'crescer', 'brasil', 'grande', 'naÃ§Ã£o']","[0, 257]",21066,4620,2018
3968,2018-10-25,"['ainda', 'aguardo', 'meaculpa', 'parte', 'imprensa', 'adversÃ¡rios', 'dias', 'associaram', 'mim', 'falso', 'ataque', 'contra', 'eleitora', 'pt', 'rio', 'grande', 'sul', 'desmascarado', 'perÃ­cia', 'provou', 'prÃ³pria', 'vÃ­tima', 'produziu', 'suÃ¡stica', 'corpo', 'prejuÃ­zo', 'precisa', 'reparado']","[0, 277]",63477,15093,2018
6058,2018-10-26,"['grato', 'confianÃ§a', 'consideraÃ§Ã£o', 'professor', 'ives', 'gandra', 'martins']","[0, 67]",25107,6351,2018
5555,2018-10-26,"['prospreridade', 'saiba', 'sobre', 'detalhes', 'propostas', 'ideias', 'defendidas']","[0, 107]",13686,3567,2018
6131,2018-10-26,"['vamos', 'fazer', 'brasil', 'grande', 'naÃ§Ã£o', 'boa', 'noite', 'todos', 'ğŸ‘ğŸ»']","[0, 65]",68236,12706,2018
3768,2018-10-26,"['phcrf1895', 'ğŸ‘ğŸ»']","[11, 13]",1294,49,2018
4168,2018-10-26,"['ninguÃ©m', 'mentiu', 'pt', 'nesta', 'eleiÃ§Ã£o', 'mestres', 'enganar', 'mudaram', 'plano', 'governo', 'diversas', 'vezes', 'apÃ³s', 'expormos', 'viÃ©s', 'totalitÃ¡rio', 'agora', 'dizem', 'respeitar', 'famÃ­lia', 'democracia', 'justiÃ§a', 'sabemos', 'missÃ£o', 'pai', 'kitgay', 'soltar', 'chefe', 'quadrilha']","[0, 278]",28807,6763,2018
4769,2018-10-26,"['haddad', 'diz', 'responsÃ¡vel', 'campanha', 'baixa', 'histÃ³ria', 'logo', 'orientado', 'presidiÃ¡rio', 'esconde', 'cores', 'partido', 'finge', 'religioso', 'joga', 'bÃ­blia', 'lixo', 'esconde', 'apoio', 'ditadura', 'venezuelana', 'espalha', 'monte', 'porcaria', 'mentirosa', 'respeito']","[0, 280]",89286,21921,2018
4245,2018-10-26,"['pouco', 'folha', 'sp', 'publicou', 'notÃ­cia', 'nenhuma', 'relaÃ§Ã£o', 'comigo', 'utilizando', 'foto', 'montagem', 'vexatÃ³ria', 'apagou', 'apÃ³s', 'repercussÃ£o', 'negativa', 'verdadeiro', 'papel', 'parte', 'imprensa', 'nestas', 'eleiÃ§Ãµes']","[0, 233]",31939,8358,2018
4484,2018-10-26,"['entendi', 'valeu']","[0, 15]",22407,2526,2018
3800,2018-10-26,"['eleiÃ§Ãµes', 'definidas', 'domingo', 'alÃ©m', 'nomes', 'mencionados', 'onixheleno', 'guedes', 'outros', 'anunciados', 'intuito', 'promover', 'desgastar', 'oportunistas', 'anunciam', 'ministros', 'antemÃ£o', 'podem', 'considerar', 'qualquer', 'possÃ­vel', 'governo']","[0, 278]",40421,8687,2018
4853,2018-10-26,"['recebemos', 'visita', 'deputado', 'Ã­talobrasileiro', 'roberto', 'lorenzato', 'trazendo', 'apoio', 'pedido', 'extradiÃ§Ã£o', 'terrorista', 'italiano', 'cesare', 'battisti', 'oriundos', 'viceprimeiro', 'ministro', 'itÃ¡lia', 'compromisso', 'reafirmado']","[0, 221]",26366,6003,2018
5534,2018-10-26,"['vamos', 'colocar', 'fim', 'roubalheira', 'pt', 'lembremse', 'paÃ­s', 'facÃ§Ã£o', 'criminosa', 'governado', 'dentro', 'cadeia']","[0, 132]",59880,14072,2018
3596,2018-10-26,"['obrigado', 'jovens', 'goianos', 'futuro', 'brasil', 'acima', 'tudo', 'deus', 'acima', 'todos', 'forte', 'abraÃ§o']","[0, 113]",35528,7644,2018
2888,2018-10-26,"['governarei', 'sozinho', 'pensavam', 'lado', 'equipe', 'qualidade', 'comprometida', 'brasil', 'alÃ©m', 'ajuda', 'todos', 'juntos', 'colocaremos', 'amada', 'pÃ¡tria', 'caminho', 'prosperidade', 'juntos', 'buscaremos', 'futuro', 'melhor', 'todos']","[0, 250]",56636,12495,2018
1153,2018-10-26,"['pt', 'brasil', 'beira', 'abismo']","[0, 58]",21777,4991,2018
5966,2018-10-26,"['represento', 'ameaÃ§a', 'sim', 'corruptos', 'bandidagem', 'estupradores', 'esquemas', 'assaltam', 'bndes', 'assassinos', 'querem', 'destruir', 'brasil', 'desesperados', 'sossego', 'governo']","[0, 222]",61050,16625,2018
2945,2018-10-26,"['marcelodedois', 'feliz', 'ğŸ‘ğŸ»']","[15, 29]",22946,3662,2018
1973,2018-10-26,"['grafitarte', 'parabÃ©ns', 'trabalho', 'sucesso']","[12, 44]",668,76,2018
3613,2018-10-26,"['saindo', 'forno']","[0, 18]",17246,4814,2018
576,2018-10-26,"['boa', 'noite', 'marcelo', 'dois']","[0, 34]",66323,12486,2018
6728,2018-10-26,"['chegamos', 'reta', 'final', 'destas', 'eleiÃ§Ãµes', 'nada', 'ganho', 'vamos', 'dar', 'Ãºltimo', 'gÃ¡s', 'combatendo', 'verdade', 'mentiras', 'pt']","[0, 125]",39069,11652,2018
6215,2018-10-26,"['thank', 'you', 'malik', 'obama', 'ğŸ‘ğŸ»']","[0, 26]",25223,4685,2018
3141,2018-10-26,"['grato', 'confianÃ§a', 'consideraÃ§Ã£o', 'campeÃ£o', 'vitorbelfort']","[0, 60]",37200,7813,2018
4511,2018-10-26,"['Ã­ndia', 'tribo', 'xingu', 'visita', 'jair', 'bolsonaro', 'conhece', 'reais', 'propostas', 'mentiras', 'pt', 'brasil', 'todos']","[0, 146]",17630,4193,2018
489,2018-10-26,"['vitorcarvalhocr', 'obrigado', 'consideraÃ§Ã£o', 'forte', 'abraÃ§o', 'vitor']","[17, 69]",396,33,2018
2293,2018-10-27,"['falta', 'pouco', 'conquistarmos', 'nova', 'independÃªncia', '1â€¢', 'passo', 'rumo', 'paÃ­s', 'justiÃ§a', 'emprego', 'seguranÃ§a', 'liberdade', 'peÃ§o', 'coraÃ§Ã£o', 'continuem', 'engajados', 'mostrando', 'melhor', 'proposta', 'fim', 'encarando', 'mentiras', 'opositor', 'fiquem', 'deus']","[0, 279]",72995,16220,2018
1412,2018-10-27,"['trabalhador', 'indignado', 'mostra', 'realidade', 'violÃªncia', 'brasil']","[0, 64]",30074,9026,2018
1034,2018-10-27,"['redes', 'sociais', 'joaquim', 'barbosa', 'divulga', 'voto', 'haddad', 'histÃ³ria', 'disse', 'bolsonaro', 'comprado', 'pt', 'esquema', 'corrupÃ§Ã£o', 'conhecido', 'mensalÃ£o', 'feria', 'gravamente', 'democracia', 'paÃ­s', 'anulando', 'poder', 'legislativo']","[0, 275]",47668,14580,2018
518,2018-10-27,"['emocionante', 'sentir', 'esperanÃ§a', 'brasileiros', 'lamento', 'perto', 'conta', 'limitaÃ§Ãµes', 'mÃ©dicas', 'apÃ³s', 'sofrer', 'tentativa', 'assassinato', 'antigo', 'militante', 'psol', 'braÃ§o', 'pt', 'confiamos', 'escutamos', 'brasil', 'lembremse', 'nada', 'ganho', 'forÃ§a', 'fim']","[0, 273]",72441,14230,2018
602,2018-10-27,"['Ãºltimo', 'momento', 'vamos', 'todos', 'juntos']","[0, 41]",37885,8554,2018
1901,2018-10-27,"['luciano', 'camargo', 'famÃ­lia', 'visitam', 'bolsonaro', 'bate', 'papo', 'franco', 'bacana']","[0, 104]",16799,3139,2018
4064,2018-10-27,"['democracia', 'mst', 'une', 'outros', 'estranhos', 'militantes', 'esquerda', 'desafiam', 'justiÃ§a', 'fazem', 'ato', 'chamando', 'juiz', 'moro', 'corrupto']","[0, 129]",19896,5558,2018
4422,2018-10-27,"['felipefepacivil', 'bom', 'dia', 'ğŸ‘ğŸ»']","[17, 28]",418,40,2018
5069,2018-10-27,"['Ãºltima', 'live', 'prÃ©segundo', 'turno', 'futuro', 'mÃ£os', 'brasileiros', 'link', 'completo', 'youtube']","[0, 120]",15525,3203,2018
3737,2018-10-27,"['todo', 'cidadÃ£o', 'gozar', 'plenos', 'direitos', 'deve', 'obedecer', 'leis', 'cumprir', 'deveres', 'qualquer', 'pessoa', 'territÃ³rio', 'nacional', 'sendo', 'cidadÃ£', 'brasileira', 'direitos', 'inalienÃ¡veis', 'humano', 'assim', 'dever', 'obedecer', 'leis', 'brasil']","[0, 272]",25148,5262,2018
5759,2018-10-27,"['hoje', '2710', '1830h', 'faremos', 'Ãºltima', 'live', 'antes', 'eleiÃ§Ãµes', 'momento', 'unirmos', 'conscientizarmos', 'sobre', 'futuro', 'jogo', 'opÃ§Ãµes', 'mudanÃ§a', 'prosperidade', 'mesmice', 'quebraram', 'assaltaram', 'levaram', 'brasil', 'caos', 'violÃªncia', 'lÃ¡']","[0, 280]",39272,8522,2018
6095,2018-10-27,"['famÃ­lia', 'propriedade', 'privada']","[0, 30]",15077,3530,2018
3262,2018-10-27,"['forma', 'mudarmos', 'brasil', 'atravÃ©s', 'defesa', 'leis', 'obediÃªncia', 'constituiÃ§Ã£o', 'assim', 'novamente', 'ressaltamos', 'faremos', 'tudo', 'forma', 'lei', 'qualquer', 'forma', 'diferenciaÃ§Ã£o', 'brasileiros', 'pode', 'admitida', 'todo', 'cidadÃ£o', 'direitos', 'preservados']","[0, 277]",44089,9813,2018
5343,2018-10-27,[],"[0, 23]",13420,2906,2018
6466,2018-10-27,"['obrigado', 'apoio', 'hashtag', 'mudabrasil17', 'primeiro', 'lugar', 'brasil', 'segundo', 'mundo', 'ğŸ‘ğŸ»']","[0, 97]",70339,17294,2018
1616,2018-10-27,"['vontade', 'deus', 'amanhÃ£', 'dia', 'nova', 'independÃªncia', 'vamos', 'derrotar', 'partido', 'maiores', 'escÃ¢ndalos', 'corrupÃ§Ã£o', 'histÃ³ria', 'petrolÃ£o', 'mensalÃ£o', 'foro', 'sp', 'inimigos', 'liberdade', 'constituiÃ§Ã£o', 'devolveremos', 'brasil', 'brasileiros', 'bem']","[0, 279]",108457,23569,2018
4117,2018-10-27,"['recebi', 'apoio', 'federaÃ§Ã£o', 'empregadas', 'trabalhadores', 'domÃ©sticos', 'sp', 'destaca', 'extrema', 'sinceridade', 'atenÃ§Ã£o', 'sempre', 'dada', 'visitas', 'gabinete', 'demagogia', 'pt', 'sempre', 'disse', 'representar', 'classe', 'enganou', 'veja', 'documento']","[0, 279]",33003,8479,2018
1110,2018-10-28,"['vitÃ³ria', 'deus', 'quiser', 'ğŸ‡§ğŸ‡·ğŸ‡§ğŸ‡·ğŸ‡§ğŸ‡·ğŸ‡§ğŸ‡·']","[0, 39]",87285,18213,2018
1145,2018-10-28,"['dÃ©cadas', 'brasil', 'finalmente', 'chance', 'eleger', 'presidente', 'carrega', 'verdadeiramente', 'valores', 'brasileiros', 'vamos', 'juntos', 'mudar', 'rumos', 'naÃ§Ã£o', 'vamos', 'votar', 'jair', 'bolsonaro', 'presidente', '17', 'forte', 'abraÃ§o', 'todos', 'vitÃ³ria', 'deus', 'quiser']","[0, 274]",70853,16258,2018
6499,2018-10-28,"['obrigado', 'confianÃ§a', 'vamos', 'juntos', 'mudar', 'brasil']","[0, 53]",128357,26703,2018
4746,2018-10-28,"['brasil', 'ğŸ‡§ğŸ‡·ğŸ‘ğŸ»']","[0, 12]",200767,47448,2018
5864,2018-10-28,"['lobaoeletrico', 'ğŸ‘ğŸ»ğŸ‡§ğŸ‡·']","[15, 19]",4133,504,2018
3721,2018-10-28,"['escolha', 'brasil']","[0, 25]",36100,9057,2018
1566,2018-10-28,"['jair', 'bolsonaro', 'fala', 'primeira', 'vez', 'presidente', 'eleito']","[0, 85]",31894,4747,2018
